,prot_fraction,growth_rate,name
0,1e-05,1.9280000000000013,RNAPmax_noact
1,0.005,1.9320000000000013,RNAPmax_noact
2,0.01,1.9360000000000013,RNAPmax_noact
3,0.015,1.9400000000000013,RNAPmax_noact
4,0.02,1.9430000000000014,RNAPmax_noact
5,0.025,1.9470000000000014,RNAPmax_noact
6,0.030000000000000002,1.9510000000000014,RNAPmax_noact
7,0.034999999999999996,1.9550000000000014,RNAPmax_noact
8,0.04,1.9590000000000014,RNAPmax_noact
9,0.045,1.9630000000000014,RNAPmax_noact
10,0.049999999999999996,1.9670000000000014,RNAPmax_noact
11,0.055,1.9720000000000013,RNAPmax_noact
12,0.06,1.9760000000000013,RNAPmax_noact
13,0.065,1.9800000000000013,RNAPmax_noact
14,0.07,1.9840000000000013,RNAPmax_noact
15,0.07500000000000001,1.9880000000000013,RNAPmax_noact
16,0.08,1.9930000000000012,RNAPmax_noact
17,0.085,1.9970000000000012,RNAPmax_noact
18,0.09000000000000001,2.0010000000000012,RNAPmax_noact
19,0.095,2.006000000000001,RNAPmax_noact
20,0.1,2.0100000000000016,RNAPmax_noact
21,0.10500000000000001,2.0150000000000015,RNAPmax_noact
22,0.11,2.0190000000000015,RNAPmax_noact
23,0.115,2.0240000000000014,RNAPmax_noact
24,0.12000000000000001,2.0280000000000014,RNAPmax_noact
25,0.125,2.0330000000000013,RNAPmax_noact
26,0.13,2.038000000000001,RNAPmax_noact
27,0.135,2.0420000000000016,RNAPmax_noact
28,0.14,2.0470000000000015,RNAPmax_noact
29,0.14500000000000002,2.0520000000000014,RNAPmax_noact
30,0.15,2.0570000000000013,RNAPmax_noact
31,0.155,2.062000000000001,RNAPmax_noact
32,0.16,2.0670000000000015,RNAPmax_noact
33,0.165,2.0720000000000014,RNAPmax_noact
34,0.17,2.0770000000000013,RNAPmax_noact
35,0.17500000000000002,2.0820000000000016,RNAPmax_noact
36,0.18000000000000002,2.0870000000000015,RNAPmax_noact
37,0.185,2.0920000000000014,RNAPmax_noact
38,0.19,2.0970000000000013,RNAPmax_noact
39,0.195,2.102000000000001,RNAPmax_noact
40,0.2,2.1080000000000014,RNAPmax_noact
41,0.20500000000000002,2.1130000000000013,RNAPmax_noact
42,0.21000000000000002,2.1190000000000015,RNAPmax_noact
43,0.215,2.1240000000000014,RNAPmax_noact
44,0.22,2.1300000000000017,RNAPmax_noact
45,0.225,2.1350000000000016,RNAPmax_noact
46,0.23,2.1410000000000013,RNAPmax_noact
47,0.23500000000000001,2.1460000000000017,RNAPmax_noact
48,0.24000000000000002,2.1520000000000015,RNAPmax_noact
49,0.245,2.1580000000000013,RNAPmax_noact
50,0.25,2.1640000000000015,RNAPmax_noact
51,0.255,2.1700000000000017,RNAPmax_noact
52,0.26,2.1760000000000015,RNAPmax_noact
53,0.265,2.1820000000000013,RNAPmax_noact
54,0.27,2.1880000000000015,RNAPmax_noact
55,0.275,2.1940000000000017,RNAPmax_noact
56,0.28,2.2000000000000015,RNAPmax_noact
57,0.28500000000000003,2.2060000000000013,RNAPmax_noact
58,0.29000000000000004,2.2130000000000014,RNAPmax_noact
59,0.295,2.2190000000000016,RNAPmax_noact
60,0.3,2.2260000000000018,RNAPmax_noact
61,0.305,2.2320000000000015,RNAPmax_noact
62,0.31,2.2390000000000017,RNAPmax_noact
63,0.315,2.2460000000000013,RNAPmax_noact
64,0.32,2.2520000000000016,RNAPmax_noact
65,0.325,2.2590000000000017,RNAPmax_noact
66,0.33,2.266000000000002,RNAPmax_noact
67,0.335,2.2730000000000015,RNAPmax_noact
68,0.34,2.2800000000000016,RNAPmax_noact
69,0.34500000000000003,2.2880000000000016,RNAPmax_noact
70,0.35000000000000003,2.2950000000000017,RNAPmax_noact
71,0.35500000000000004,2.3020000000000014,RNAPmax_noact
72,0.36,2.3040000000000016,RNAPmax_noact
73,0.365,2.3000000000000016,RNAPmax_noact
74,0.37,2.2950000000000017,RNAPmax_noact
75,0.375,2.2910000000000017,RNAPmax_noact
76,0.38,2.2870000000000017,RNAPmax_noact
77,0.385,2.282000000000002,RNAPmax_noact
78,0.39,2.2780000000000014,RNAPmax_noact
79,0.395,2.274000000000002,RNAPmax_noact
80,0.4,2.2690000000000015,RNAPmax_noact
81,0.405,2.2650000000000015,RNAPmax_noact
82,0.41000000000000003,2.2610000000000015,RNAPmax_noact
83,0.41500000000000004,2.2560000000000016,RNAPmax_noact
84,0.42000000000000004,2.2520000000000016,RNAPmax_noact
85,0.425,2.2480000000000016,RNAPmax_noact
86,0.43,2.2430000000000017,RNAPmax_noact
87,0.435,2.2390000000000017,RNAPmax_noact
88,0.44,2.2350000000000017,RNAPmax_noact
89,0.445,2.2310000000000016,RNAPmax_noact
90,0.45,2.2260000000000018,RNAPmax_noact
91,0.455,2.2220000000000013,RNAPmax_noact
92,0.46,2.2180000000000017,RNAPmax_noact
93,0.465,2.2140000000000013,RNAPmax_noact
94,0.47000000000000003,2.2090000000000014,RNAPmax_noact
95,0.47500000000000003,2.2050000000000014,RNAPmax_noact
96,0.48000000000000004,2.2010000000000014,RNAPmax_noact
97,0.485,2.1970000000000014,RNAPmax_noact
98,0.49,2.1930000000000014,RNAPmax_noact
99,0.495,2.1880000000000015,RNAPmax_noact
100,0.5,2.1840000000000015,RNAPmax_noact
101,0.505,2.1800000000000015,RNAPmax_noact
102,0.51,2.1760000000000015,RNAPmax_noact
103,0.515,2.1720000000000015,RNAPmax_noact
104,0.52,2.1670000000000016,RNAPmax_noact
105,0.525,2.1630000000000016,RNAPmax_noact
106,0.53,2.1590000000000016,RNAPmax_noact
107,0.535,2.1550000000000016,RNAPmax_noact
108,0.54,2.1510000000000016,RNAPmax_noact
109,0.545,2.1470000000000016,RNAPmax_noact
110,0.55,2.1430000000000016,RNAPmax_noact
111,0.555,2.1390000000000016,RNAPmax_noact
112,0.56,2.1350000000000016,RNAPmax_noact
113,0.5650000000000001,2.1300000000000017,RNAPmax_noact
114,0.5700000000000001,2.1260000000000012,RNAPmax_noact
115,0.5750000000000001,2.1220000000000017,RNAPmax_noact
116,0.5800000000000001,2.118000000000001,RNAPmax_noact
117,0.585,2.1140000000000017,RNAPmax_noact
118,0.59,2.110000000000001,RNAPmax_noact
119,0.595,2.1060000000000016,RNAPmax_noact
120,0.6,2.102000000000001,RNAPmax_noact
121,0.605,2.0980000000000016,RNAPmax_noact
122,0.61,2.094000000000001,RNAPmax_noact
123,0.615,2.0900000000000016,RNAPmax_noact
124,0.62,2.086000000000001,RNAPmax_noact
125,0.625,2.0820000000000016,RNAPmax_noact
126,0.63,2.078000000000001,RNAPmax_noact
127,0.635,2.0740000000000016,RNAPmax_noact
128,0.64,2.070000000000001,RNAPmax_noact
129,0.645,2.0660000000000016,RNAPmax_noact
130,0.65,2.062000000000001,RNAPmax_noact
131,0.655,2.0580000000000016,RNAPmax_noact
132,0.66,2.054000000000001,RNAPmax_noact
133,0.665,2.0500000000000016,RNAPmax_noact
134,0.67,2.046000000000001,RNAPmax_noact
135,0.675,2.0420000000000016,RNAPmax_noact
136,0.68,2.0390000000000015,RNAPmax_noact
137,0.685,2.0350000000000015,RNAPmax_noact
138,0.6900000000000001,2.0310000000000015,RNAPmax_noact
139,0.6950000000000001,2.0270000000000015,RNAPmax_noact
140,0.7000000000000001,2.0230000000000015,RNAPmax_noact
141,0.7050000000000001,2.0190000000000015,RNAPmax_noact
142,0.71,2.0150000000000015,RNAPmax_noact
143,0.715,2.0110000000000015,RNAPmax_noact
144,0.72,2.0080000000000013,RNAPmax_noact
145,0.725,2.0040000000000013,RNAPmax_noact
146,0.73,2.0000000000000013,RNAPmax_noact
147,0.735,1.9960000000000013,RNAPmax_noact
148,0.74,1.9920000000000013,RNAPmax_noact
149,0.745,1.9890000000000012,RNAPmax_noact
150,0.75,1.9850000000000012,RNAPmax_noact
151,0.755,1.9810000000000012,RNAPmax_noact
152,0.76,1.9770000000000012,RNAPmax_noact
153,0.765,1.9730000000000012,RNAPmax_noact
154,0.77,1.9700000000000013,RNAPmax_noact
155,0.775,1.9660000000000013,RNAPmax_noact
156,0.78,1.9620000000000013,RNAPmax_noact
157,0.785,1.9580000000000013,RNAPmax_noact
158,0.79,1.9550000000000014,RNAPmax_noact
159,0.795,1.9510000000000014,RNAPmax_noact
160,0.8,1.9470000000000014,RNAPmax_noact
161,0.805,1.9440000000000013,RNAPmax_noact
162,0.81,1.9400000000000013,RNAPmax_noact
163,0.8150000000000001,1.9360000000000013,RNAPmax_noact
164,0.8200000000000001,1.9330000000000012,RNAPmax_noact
165,0.8250000000000001,1.9290000000000012,RNAPmax_noact
166,0.8300000000000001,1.9250000000000012,RNAPmax_noact
167,0.8350000000000001,1.9220000000000013,RNAPmax_noact
168,0.84,1.9180000000000013,RNAPmax_noact
169,0.845,1.9140000000000013,RNAPmax_noact
170,0.85,1.9110000000000014,RNAPmax_noact
171,0.855,1.9070000000000014,RNAPmax_noact
172,0.86,1.9030000000000014,RNAPmax_noact
173,0.865,1.9000000000000012,RNAPmax_noact
174,0.87,1.8960000000000012,RNAPmax_noact
175,0.875,1.8930000000000011,RNAPmax_noact
176,0.88,1.8890000000000011,RNAPmax_noact
177,0.885,1.8850000000000011,RNAPmax_noact
178,0.89,1.8820000000000012,RNAPmax_noact
179,0.895,1.8780000000000012,RNAPmax_noact
180,0.9,1.8750000000000013,RNAPmax_noact
181,0.905,1.8710000000000013,RNAPmax_noact
182,0.91,1.8680000000000012,RNAPmax_noact
183,0.915,1.8640000000000012,RNAPmax_noact
184,0.92,1.861000000000001,RNAPmax_noact
185,0.925,1.857000000000001,RNAPmax_noact
186,0.93,1.8540000000000012,RNAPmax_noact
187,0.935,1.8500000000000012,RNAPmax_noact
188,0.9400000000000001,1.8470000000000013,RNAPmax_noact
189,0.9450000000000001,1.8430000000000013,RNAPmax_noact
190,0.9500000000000001,1.8400000000000012,RNAPmax_noact
191,0.9550000000000001,1.8360000000000012,RNAPmax_noact
192,0.9600000000000001,1.833000000000001,RNAPmax_noact
193,0.965,1.8300000000000012,RNAPmax_noact
194,0.97,1.8260000000000012,RNAPmax_noact
195,0.975,1.8230000000000013,RNAPmax_noact
196,0.98,1.8190000000000013,RNAPmax_noact
197,0.985,1.8160000000000012,RNAPmax_noact
198,0.99,1.8120000000000012,RNAPmax_noact
199,0.995,1.809000000000001,RNAPmax_noact
200,0.99999,1.8060000000000012,RNAPmax_noact
0,1e-05,0.5710000000000001,RNAPmax_arch
1,0.005,0.5720000000000001,RNAPmax_arch
2,0.01,0.5740000000000001,RNAPmax_arch
3,0.015,0.5750000000000001,RNAPmax_arch
4,0.02,0.5760000000000001,RNAPmax_arch
5,0.025,0.5770000000000001,RNAPmax_arch
6,0.030000000000000002,0.5780000000000001,RNAPmax_arch
7,0.034999999999999996,0.5790000000000001,RNAPmax_arch
8,0.04,0.5810000000000001,RNAPmax_arch
9,0.045,0.5820000000000001,RNAPmax_arch
10,0.049999999999999996,0.5830000000000001,RNAPmax_arch
11,0.055,0.5840000000000001,RNAPmax_arch
12,0.06,0.5860000000000001,RNAPmax_arch
13,0.065,0.5870000000000001,RNAPmax_arch
14,0.07,0.5880000000000001,RNAPmax_arch
15,0.07500000000000001,0.5890000000000001,RNAPmax_arch
16,0.08,0.5910000000000001,RNAPmax_arch
17,0.085,0.5920000000000001,RNAPmax_arch
18,0.09000000000000001,0.5930000000000001,RNAPmax_arch
19,0.095,0.5940000000000001,RNAPmax_arch
20,0.1,0.5960000000000001,RNAPmax_arch
21,0.10500000000000001,0.5970000000000001,RNAPmax_arch
22,0.11,0.5980000000000001,RNAPmax_arch
23,0.115,0.6000000000000001,RNAPmax_arch
24,0.12000000000000001,0.6010000000000001,RNAPmax_arch
25,0.125,0.6030000000000001,RNAPmax_arch
26,0.13,0.6040000000000001,RNAPmax_arch
27,0.135,0.6050000000000001,RNAPmax_arch
28,0.14,0.6070000000000001,RNAPmax_arch
29,0.14500000000000002,0.6080000000000001,RNAPmax_arch
30,0.15,0.6100000000000001,RNAPmax_arch
31,0.155,0.6110000000000001,RNAPmax_arch
32,0.16,0.6130000000000001,RNAPmax_arch
33,0.165,0.6140000000000001,RNAPmax_arch
34,0.17,0.6160000000000001,RNAPmax_arch
35,0.17500000000000002,0.6170000000000001,RNAPmax_arch
36,0.18000000000000002,0.6190000000000001,RNAPmax_arch
37,0.185,0.6200000000000001,RNAPmax_arch
38,0.19,0.6220000000000001,RNAPmax_arch
39,0.195,0.6230000000000001,RNAPmax_arch
40,0.2,0.6250000000000001,RNAPmax_arch
41,0.20500000000000002,0.6260000000000001,RNAPmax_arch
42,0.21000000000000002,0.6280000000000001,RNAPmax_arch
43,0.215,0.6300000000000001,RNAPmax_arch
44,0.22,0.6310000000000001,RNAPmax_arch
45,0.225,0.6330000000000001,RNAPmax_arch
46,0.23,0.6350000000000001,RNAPmax_arch
47,0.23500000000000001,0.6360000000000001,RNAPmax_arch
48,0.24000000000000002,0.6380000000000001,RNAPmax_arch
49,0.245,0.6400000000000001,RNAPmax_arch
50,0.25,0.6410000000000001,RNAPmax_arch
51,0.255,0.6430000000000001,RNAPmax_arch
52,0.26,0.6450000000000001,RNAPmax_arch
53,0.265,0.6470000000000001,RNAPmax_arch
54,0.27,0.6490000000000001,RNAPmax_arch
55,0.275,0.6500000000000001,RNAPmax_arch
56,0.28,0.6520000000000001,RNAPmax_arch
57,0.28500000000000003,0.6540000000000001,RNAPmax_arch
58,0.29000000000000004,0.6560000000000001,RNAPmax_arch
59,0.295,0.6580000000000001,RNAPmax_arch
60,0.3,0.6600000000000001,RNAPmax_arch
61,0.305,0.6620000000000001,RNAPmax_arch
62,0.31,0.6640000000000001,RNAPmax_arch
63,0.315,0.6660000000000001,RNAPmax_arch
64,0.32,0.6680000000000001,RNAPmax_arch
65,0.325,0.6700000000000002,RNAPmax_arch
66,0.33,0.6720000000000002,RNAPmax_arch
67,0.335,0.6740000000000002,RNAPmax_arch
68,0.34,0.6760000000000002,RNAPmax_arch
69,0.34500000000000003,0.6780000000000002,RNAPmax_arch
70,0.35000000000000003,0.6800000000000002,RNAPmax_arch
71,0.35500000000000004,0.6830000000000002,RNAPmax_arch
72,0.36,0.6850000000000002,RNAPmax_arch
73,0.365,0.6870000000000002,RNAPmax_arch
74,0.37,0.6890000000000002,RNAPmax_arch
75,0.375,0.6920000000000002,RNAPmax_arch
76,0.38,0.6940000000000002,RNAPmax_arch
77,0.385,0.6960000000000002,RNAPmax_arch
78,0.39,0.6990000000000002,RNAPmax_arch
79,0.395,0.7010000000000002,RNAPmax_arch
80,0.4,0.7030000000000002,RNAPmax_arch
81,0.405,0.7060000000000002,RNAPmax_arch
82,0.41000000000000003,0.7080000000000002,RNAPmax_arch
83,0.41500000000000004,0.7110000000000002,RNAPmax_arch
84,0.42000000000000004,0.7130000000000002,RNAPmax_arch
85,0.425,0.7160000000000002,RNAPmax_arch
86,0.43,0.7190000000000002,RNAPmax_arch
87,0.435,0.7210000000000002,RNAPmax_arch
88,0.44,0.7240000000000002,RNAPmax_arch
89,0.445,0.7270000000000002,RNAPmax_arch
90,0.45,0.7300000000000002,RNAPmax_arch
91,0.455,0.7320000000000002,RNAPmax_arch
92,0.46,0.7350000000000002,RNAPmax_arch
93,0.465,0.7380000000000002,RNAPmax_arch
94,0.47000000000000003,0.7410000000000002,RNAPmax_arch
95,0.47500000000000003,0.7440000000000002,RNAPmax_arch
96,0.48000000000000004,0.7470000000000002,RNAPmax_arch
97,0.485,0.7500000000000002,RNAPmax_arch
98,0.49,0.7530000000000002,RNAPmax_arch
99,0.495,0.7560000000000002,RNAPmax_arch
100,0.5,0.7600000000000002,RNAPmax_arch
101,0.505,0.7630000000000002,RNAPmax_arch
102,0.51,0.7660000000000002,RNAPmax_arch
103,0.515,0.7700000000000002,RNAPmax_arch
104,0.52,0.7730000000000002,RNAPmax_arch
105,0.525,0.7760000000000002,RNAPmax_arch
106,0.53,0.7800000000000002,RNAPmax_arch
107,0.535,0.7840000000000003,RNAPmax_arch
108,0.54,0.7870000000000003,RNAPmax_arch
109,0.545,0.7910000000000003,RNAPmax_arch
110,0.55,0.7950000000000003,RNAPmax_arch
111,0.555,0.7980000000000003,RNAPmax_arch
112,0.56,0.8020000000000003,RNAPmax_arch
113,0.5650000000000001,0.8060000000000003,RNAPmax_arch
114,0.5700000000000001,0.8100000000000003,RNAPmax_arch
115,0.5750000000000001,0.8140000000000003,RNAPmax_arch
116,0.5800000000000001,0.8190000000000003,RNAPmax_arch
117,0.585,0.8230000000000003,RNAPmax_arch
118,0.59,0.8270000000000003,RNAPmax_arch
119,0.595,0.8320000000000003,RNAPmax_arch
120,0.6,0.8360000000000003,RNAPmax_arch
121,0.605,0.8410000000000003,RNAPmax_arch
122,0.61,0.8450000000000003,RNAPmax_arch
123,0.615,0.8500000000000003,RNAPmax_arch
124,0.62,0.8550000000000003,RNAPmax_arch
125,0.625,0.8600000000000003,RNAPmax_arch
126,0.63,0.8650000000000003,RNAPmax_arch
127,0.635,0.8700000000000003,RNAPmax_arch
128,0.64,0.8750000000000003,RNAPmax_arch
129,0.645,0.8810000000000003,RNAPmax_arch
130,0.65,0.8860000000000003,RNAPmax_arch
131,0.655,0.8920000000000003,RNAPmax_arch
132,0.66,0.8970000000000004,RNAPmax_arch
133,0.665,0.9030000000000004,RNAPmax_arch
134,0.67,0.9090000000000004,RNAPmax_arch
135,0.675,0.9150000000000004,RNAPmax_arch
136,0.68,0.9220000000000004,RNAPmax_arch
137,0.685,0.9280000000000004,RNAPmax_arch
138,0.6900000000000001,0.9350000000000004,RNAPmax_arch
139,0.6950000000000001,0.9410000000000004,RNAPmax_arch
140,0.7000000000000001,0.9480000000000004,RNAPmax_arch
141,0.7050000000000001,0.9550000000000004,RNAPmax_arch
142,0.71,0.9620000000000004,RNAPmax_arch
143,0.715,0.9700000000000004,RNAPmax_arch
144,0.72,0.9780000000000004,RNAPmax_arch
145,0.725,0.9850000000000004,RNAPmax_arch
146,0.73,0.9930000000000004,RNAPmax_arch
147,0.735,1.0020000000000004,RNAPmax_arch
148,0.74,1.0000000000000004,RNAPmax_arch
149,0.745,0.9960000000000004,RNAPmax_arch
150,0.75,0.9920000000000004,RNAPmax_arch
151,0.755,0.9880000000000004,RNAPmax_arch
152,0.76,0.9850000000000004,RNAPmax_arch
153,0.765,0.9810000000000004,RNAPmax_arch
154,0.77,0.9770000000000004,RNAPmax_arch
155,0.775,0.9740000000000004,RNAPmax_arch
156,0.78,0.9700000000000004,RNAPmax_arch
157,0.785,0.9660000000000004,RNAPmax_arch
158,0.79,0.9630000000000004,RNAPmax_arch
159,0.795,0.9590000000000004,RNAPmax_arch
160,0.8,0.9560000000000004,RNAPmax_arch
161,0.805,0.9520000000000004,RNAPmax_arch
162,0.81,0.9490000000000004,RNAPmax_arch
163,0.8150000000000001,0.9450000000000004,RNAPmax_arch
164,0.8200000000000001,0.9420000000000004,RNAPmax_arch
165,0.8250000000000001,0.9380000000000004,RNAPmax_arch
166,0.8300000000000001,0.9350000000000004,RNAPmax_arch
167,0.8350000000000001,0.9310000000000004,RNAPmax_arch
168,0.84,0.9280000000000004,RNAPmax_arch
169,0.845,0.9250000000000004,RNAPmax_arch
170,0.85,0.9210000000000004,RNAPmax_arch
171,0.855,0.9180000000000004,RNAPmax_arch
172,0.86,0.9150000000000004,RNAPmax_arch
173,0.865,0.9110000000000004,RNAPmax_arch
174,0.87,0.9080000000000004,RNAPmax_arch
175,0.875,0.9050000000000004,RNAPmax_arch
176,0.88,0.9020000000000004,RNAPmax_arch
177,0.885,0.8980000000000004,RNAPmax_arch
178,0.89,0.8950000000000004,RNAPmax_arch
179,0.895,0.8920000000000003,RNAPmax_arch
180,0.9,0.8890000000000003,RNAPmax_arch
181,0.905,0.8860000000000003,RNAPmax_arch
182,0.91,0.8830000000000003,RNAPmax_arch
183,0.915,0.8800000000000003,RNAPmax_arch
184,0.92,0.8760000000000003,RNAPmax_arch
185,0.925,0.8730000000000003,RNAPmax_arch
186,0.93,0.8700000000000003,RNAPmax_arch
187,0.935,0.8670000000000003,RNAPmax_arch
188,0.9400000000000001,0.8640000000000003,RNAPmax_arch
189,0.9450000000000001,0.8610000000000003,RNAPmax_arch
190,0.9500000000000001,0.8580000000000003,RNAPmax_arch
191,0.9550000000000001,0.8550000000000003,RNAPmax_arch
192,0.9600000000000001,0.8520000000000003,RNAPmax_arch
193,0.965,0.8500000000000003,RNAPmax_arch
194,0.97,0.8470000000000003,RNAPmax_arch
195,0.975,0.8440000000000003,RNAPmax_arch
196,0.98,0.8410000000000003,RNAPmax_arch
197,0.985,0.8380000000000003,RNAPmax_arch
198,0.99,0.8350000000000003,RNAPmax_arch
199,0.995,0.8320000000000003,RNAPmax_arch
200,0.99999,0.8300000000000003,RNAPmax_arch
0,1e-05,1.7920000000000011,RNAPmax_glc
1,0.005,1.7950000000000013,RNAPmax_glc
2,0.01,1.7990000000000013,RNAPmax_glc
3,0.015,1.8020000000000012,RNAPmax_glc
4,0.02,1.8060000000000012,RNAPmax_glc
5,0.025,1.809000000000001,RNAPmax_glc
6,0.030000000000000002,1.813000000000001,RNAPmax_glc
7,0.034999999999999996,1.8160000000000012,RNAPmax_glc
8,0.04,1.8200000000000012,RNAPmax_glc
9,0.045,1.8240000000000012,RNAPmax_glc
10,0.049999999999999996,1.8280000000000012,RNAPmax_glc
11,0.055,1.8310000000000013,RNAPmax_glc
12,0.06,1.8350000000000013,RNAPmax_glc
13,0.065,1.8390000000000013,RNAPmax_glc
14,0.07,1.8430000000000013,RNAPmax_glc
15,0.07500000000000001,1.8470000000000013,RNAPmax_glc
16,0.08,1.8510000000000013,RNAPmax_glc
17,0.085,1.8550000000000013,RNAPmax_glc
18,0.09000000000000001,1.8590000000000013,RNAPmax_glc
19,0.095,1.8630000000000013,RNAPmax_glc
20,0.1,1.8670000000000013,RNAPmax_glc
21,0.10500000000000001,1.8710000000000013,RNAPmax_glc
22,0.11,1.8750000000000013,RNAPmax_glc
23,0.115,1.8790000000000013,RNAPmax_glc
24,0.12000000000000001,1.8830000000000013,RNAPmax_glc
25,0.125,1.8870000000000013,RNAPmax_glc
26,0.13,1.8920000000000012,RNAPmax_glc
27,0.135,1.8960000000000012,RNAPmax_glc
28,0.14,1.9000000000000012,RNAPmax_glc
29,0.14500000000000002,1.9050000000000011,RNAPmax_glc
30,0.15,1.9090000000000011,RNAPmax_glc
31,0.155,1.9130000000000011,RNAPmax_glc
32,0.16,1.9180000000000013,RNAPmax_glc
33,0.165,1.9230000000000014,RNAPmax_glc
34,0.17,1.9270000000000014,RNAPmax_glc
35,0.17500000000000002,1.9320000000000013,RNAPmax_glc
36,0.18000000000000002,1.9360000000000013,RNAPmax_glc
37,0.185,1.9410000000000012,RNAPmax_glc
38,0.19,1.9460000000000013,RNAPmax_glc
39,0.195,1.9510000000000014,RNAPmax_glc
40,0.2,1.9550000000000014,RNAPmax_glc
41,0.20500000000000002,1.9600000000000013,RNAPmax_glc
42,0.21000000000000002,1.9650000000000012,RNAPmax_glc
43,0.215,1.9700000000000013,RNAPmax_glc
44,0.22,1.9750000000000014,RNAPmax_glc
45,0.225,1.9800000000000013,RNAPmax_glc
46,0.23,1.9850000000000012,RNAPmax_glc
47,0.23500000000000001,1.9910000000000014,RNAPmax_glc
48,0.24000000000000002,1.9960000000000013,RNAPmax_glc
49,0.245,2.0010000000000012,RNAPmax_glc
50,0.25,2.0070000000000014,RNAPmax_glc
51,0.255,2.0120000000000013,RNAPmax_glc
52,0.26,2.0170000000000012,RNAPmax_glc
53,0.265,2.0230000000000015,RNAPmax_glc
54,0.27,2.0280000000000014,RNAPmax_glc
55,0.275,2.0340000000000016,RNAPmax_glc
56,0.28,2.0400000000000014,RNAPmax_glc
57,0.28500000000000003,2.0450000000000013,RNAPmax_glc
58,0.29000000000000004,2.0510000000000015,RNAPmax_glc
59,0.295,2.0570000000000013,RNAPmax_glc
60,0.3,2.0630000000000015,RNAPmax_glc
61,0.305,2.0690000000000013,RNAPmax_glc
62,0.31,2.0750000000000015,RNAPmax_glc
63,0.315,2.0810000000000013,RNAPmax_glc
64,0.32,2.0870000000000015,RNAPmax_glc
65,0.325,2.094000000000001,RNAPmax_glc
66,0.33,2.1000000000000014,RNAPmax_glc
67,0.335,2.1060000000000016,RNAPmax_glc
68,0.34,2.1130000000000013,RNAPmax_glc
69,0.34500000000000003,2.1190000000000015,RNAPmax_glc
70,0.35000000000000003,2.1260000000000012,RNAPmax_glc
71,0.35500000000000004,2.1330000000000013,RNAPmax_glc
72,0.36,2.1400000000000015,RNAPmax_glc
73,0.365,2.1360000000000015,RNAPmax_glc
74,0.37,2.1320000000000014,RNAPmax_glc
75,0.375,2.1270000000000016,RNAPmax_glc
76,0.38,2.1230000000000016,RNAPmax_glc
77,0.385,2.1190000000000015,RNAPmax_glc
78,0.39,2.1150000000000015,RNAPmax_glc
79,0.395,2.1110000000000015,RNAPmax_glc
80,0.4,2.1060000000000016,RNAPmax_glc
81,0.405,2.102000000000001,RNAPmax_glc
82,0.41000000000000003,2.0980000000000016,RNAPmax_glc
83,0.41500000000000004,2.094000000000001,RNAPmax_glc
84,0.42000000000000004,2.0900000000000016,RNAPmax_glc
85,0.425,2.086000000000001,RNAPmax_glc
86,0.43,2.0820000000000016,RNAPmax_glc
87,0.435,2.078000000000001,RNAPmax_glc
88,0.44,2.0730000000000013,RNAPmax_glc
89,0.445,2.0690000000000013,RNAPmax_glc
90,0.45,2.0650000000000013,RNAPmax_glc
91,0.455,2.0610000000000013,RNAPmax_glc
92,0.46,2.0570000000000013,RNAPmax_glc
93,0.465,2.0530000000000013,RNAPmax_glc
94,0.47000000000000003,2.0490000000000013,RNAPmax_glc
95,0.47500000000000003,2.0450000000000013,RNAPmax_glc
96,0.48000000000000004,2.0410000000000013,RNAPmax_glc
97,0.485,2.0370000000000013,RNAPmax_glc
98,0.49,2.0330000000000013,RNAPmax_glc
99,0.495,2.0290000000000012,RNAPmax_glc
100,0.5,2.0240000000000014,RNAPmax_glc
101,0.505,2.0200000000000014,RNAPmax_glc
102,0.51,2.0160000000000013,RNAPmax_glc
103,0.515,2.0120000000000013,RNAPmax_glc
104,0.52,2.0080000000000013,RNAPmax_glc
105,0.525,2.0040000000000013,RNAPmax_glc
106,0.53,2.0000000000000013,RNAPmax_glc
107,0.535,1.9960000000000013,RNAPmax_glc
108,0.54,1.9920000000000013,RNAPmax_glc
109,0.545,1.9880000000000013,RNAPmax_glc
110,0.55,1.9840000000000013,RNAPmax_glc
111,0.555,1.9800000000000013,RNAPmax_glc
112,0.56,1.9770000000000012,RNAPmax_glc
113,0.5650000000000001,1.9730000000000012,RNAPmax_glc
114,0.5700000000000001,1.9690000000000012,RNAPmax_glc
115,0.5750000000000001,1.9650000000000012,RNAPmax_glc
116,0.5800000000000001,1.9610000000000012,RNAPmax_glc
117,0.585,1.9570000000000012,RNAPmax_glc
118,0.59,1.9530000000000012,RNAPmax_glc
119,0.595,1.9490000000000012,RNAPmax_glc
120,0.6,1.9450000000000012,RNAPmax_glc
121,0.605,1.9410000000000012,RNAPmax_glc
122,0.61,1.9370000000000012,RNAPmax_glc
123,0.615,1.9330000000000012,RNAPmax_glc
124,0.62,1.9300000000000013,RNAPmax_glc
125,0.625,1.9260000000000013,RNAPmax_glc
126,0.63,1.9220000000000013,RNAPmax_glc
127,0.635,1.9180000000000013,RNAPmax_glc
128,0.64,1.9140000000000013,RNAPmax_glc
129,0.645,1.9100000000000013,RNAPmax_glc
130,0.65,1.9060000000000012,RNAPmax_glc
131,0.655,1.9030000000000014,RNAPmax_glc
132,0.66,1.8990000000000014,RNAPmax_glc
133,0.665,1.8950000000000014,RNAPmax_glc
134,0.67,1.8910000000000013,RNAPmax_glc
135,0.675,1.8870000000000013,RNAPmax_glc
136,0.68,1.8840000000000012,RNAPmax_glc
137,0.685,1.8800000000000012,RNAPmax_glc
138,0.6900000000000001,1.8760000000000012,RNAPmax_glc
139,0.6950000000000001,1.8720000000000012,RNAPmax_glc
140,0.7000000000000001,1.869000000000001,RNAPmax_glc
141,0.7050000000000001,1.865000000000001,RNAPmax_glc
142,0.71,1.861000000000001,RNAPmax_glc
143,0.715,1.857000000000001,RNAPmax_glc
144,0.72,1.8540000000000012,RNAPmax_glc
145,0.725,1.8500000000000012,RNAPmax_glc
146,0.73,1.8460000000000012,RNAPmax_glc
147,0.735,1.8420000000000012,RNAPmax_glc
148,0.74,1.8390000000000013,RNAPmax_glc
149,0.745,1.8350000000000013,RNAPmax_glc
150,0.75,1.8310000000000013,RNAPmax_glc
151,0.755,1.8280000000000012,RNAPmax_glc
152,0.76,1.8240000000000012,RNAPmax_glc
153,0.765,1.8200000000000012,RNAPmax_glc
154,0.77,1.817000000000001,RNAPmax_glc
155,0.775,1.813000000000001,RNAPmax_glc
156,0.78,1.809000000000001,RNAPmax_glc
157,0.785,1.8060000000000012,RNAPmax_glc
158,0.79,1.8020000000000012,RNAPmax_glc
159,0.795,1.7990000000000013,RNAPmax_glc
160,0.8,1.7950000000000013,RNAPmax_glc
161,0.805,1.7910000000000013,RNAPmax_glc
162,0.81,1.7880000000000011,RNAPmax_glc
163,0.8150000000000001,1.7840000000000011,RNAPmax_glc
164,0.8200000000000001,1.781000000000001,RNAPmax_glc
165,0.8250000000000001,1.777000000000001,RNAPmax_glc
166,0.8300000000000001,1.7740000000000011,RNAPmax_glc
167,0.8350000000000001,1.7700000000000011,RNAPmax_glc
168,0.84,1.7660000000000011,RNAPmax_glc
169,0.845,1.7630000000000012,RNAPmax_glc
170,0.85,1.7590000000000012,RNAPmax_glc
171,0.855,1.7560000000000011,RNAPmax_glc
172,0.86,1.7520000000000011,RNAPmax_glc
173,0.865,1.749000000000001,RNAPmax_glc
174,0.87,1.745000000000001,RNAPmax_glc
175,0.875,1.742000000000001,RNAPmax_glc
176,0.88,1.738000000000001,RNAPmax_glc
177,0.885,1.7350000000000012,RNAPmax_glc
178,0.89,1.7310000000000012,RNAPmax_glc
179,0.895,1.728000000000001,RNAPmax_glc
180,0.9,1.725000000000001,RNAPmax_glc
181,0.905,1.721000000000001,RNAPmax_glc
182,0.91,1.718000000000001,RNAPmax_glc
183,0.915,1.714000000000001,RNAPmax_glc
184,0.92,1.7110000000000012,RNAPmax_glc
185,0.925,1.708000000000001,RNAPmax_glc
186,0.93,1.704000000000001,RNAPmax_glc
187,0.935,1.701000000000001,RNAPmax_glc
188,0.9400000000000001,1.697000000000001,RNAPmax_glc
189,0.9450000000000001,1.694000000000001,RNAPmax_glc
190,0.9500000000000001,1.6910000000000012,RNAPmax_glc
191,0.9550000000000001,1.6870000000000012,RNAPmax_glc
192,0.9600000000000001,1.684000000000001,RNAPmax_glc
193,0.965,1.681000000000001,RNAPmax_glc
194,0.97,1.677000000000001,RNAPmax_glc
195,0.975,1.674000000000001,RNAPmax_glc
196,0.98,1.6710000000000012,RNAPmax_glc
197,0.985,1.6670000000000011,RNAPmax_glc
198,0.99,1.664000000000001,RNAPmax_glc
199,0.995,1.661000000000001,RNAPmax_glc
200,0.99999,1.657000000000001,RNAPmax_glc
0,1e-05,1.7470000000000012,RNAPmax_gly
1,0.005,1.7510000000000012,RNAPmax_gly
2,0.01,1.7540000000000011,RNAPmax_gly
3,0.015,1.7580000000000011,RNAPmax_gly
4,0.02,1.761000000000001,RNAPmax_gly
5,0.025,1.765000000000001,RNAPmax_gly
6,0.030000000000000002,1.7680000000000011,RNAPmax_gly
7,0.034999999999999996,1.7720000000000011,RNAPmax_gly
8,0.04,1.7750000000000012,RNAPmax_gly
9,0.045,1.7790000000000012,RNAPmax_gly
10,0.049999999999999996,1.7830000000000013,RNAPmax_gly
11,0.055,1.7860000000000011,RNAPmax_gly
12,0.06,1.7900000000000011,RNAPmax_gly
13,0.065,1.7940000000000011,RNAPmax_gly
14,0.07,1.7980000000000012,RNAPmax_gly
15,0.07500000000000001,1.801000000000001,RNAPmax_gly
16,0.08,1.805000000000001,RNAPmax_gly
17,0.085,1.809000000000001,RNAPmax_gly
18,0.09000000000000001,1.813000000000001,RNAPmax_gly
19,0.095,1.817000000000001,RNAPmax_gly
20,0.1,1.821000000000001,RNAPmax_gly
21,0.10500000000000001,1.825000000000001,RNAPmax_gly
22,0.11,1.829000000000001,RNAPmax_gly
23,0.115,1.833000000000001,RNAPmax_gly
24,0.12000000000000001,1.837000000000001,RNAPmax_gly
25,0.125,1.841000000000001,RNAPmax_gly
26,0.13,1.845000000000001,RNAPmax_gly
27,0.135,1.8420000000000012,RNAPmax_gly
28,0.14,1.8390000000000013,RNAPmax_gly
29,0.14500000000000002,1.837000000000001,RNAPmax_gly
30,0.15,1.8340000000000012,RNAPmax_gly
31,0.155,1.8310000000000013,RNAPmax_gly
32,0.16,1.8280000000000012,RNAPmax_gly
33,0.165,1.825000000000001,RNAPmax_gly
34,0.17,1.8220000000000012,RNAPmax_gly
35,0.17500000000000002,1.8190000000000013,RNAPmax_gly
36,0.18000000000000002,1.8160000000000012,RNAPmax_gly
37,0.185,1.8140000000000012,RNAPmax_gly
38,0.19,1.8110000000000013,RNAPmax_gly
39,0.195,1.8080000000000012,RNAPmax_gly
40,0.2,1.805000000000001,RNAPmax_gly
41,0.20500000000000002,1.8020000000000012,RNAPmax_gly
42,0.21000000000000002,1.7990000000000013,RNAPmax_gly
43,0.215,1.7960000000000012,RNAPmax_gly
44,0.22,1.793000000000001,RNAPmax_gly
45,0.225,1.7910000000000013,RNAPmax_gly
46,0.23,1.7880000000000011,RNAPmax_gly
47,0.23500000000000001,1.785000000000001,RNAPmax_gly
48,0.24000000000000002,1.7820000000000011,RNAPmax_gly
49,0.245,1.7790000000000012,RNAPmax_gly
50,0.25,1.7760000000000011,RNAPmax_gly
51,0.255,1.7740000000000011,RNAPmax_gly
52,0.26,1.7710000000000012,RNAPmax_gly
53,0.265,1.7680000000000011,RNAPmax_gly
54,0.27,1.765000000000001,RNAPmax_gly
55,0.275,1.7620000000000011,RNAPmax_gly
56,0.28,1.7590000000000012,RNAPmax_gly
57,0.28500000000000003,1.757000000000001,RNAPmax_gly
58,0.29000000000000004,1.7540000000000011,RNAPmax_gly
59,0.295,1.7510000000000012,RNAPmax_gly
60,0.3,1.748000000000001,RNAPmax_gly
61,0.305,1.745000000000001,RNAPmax_gly
62,0.31,1.742000000000001,RNAPmax_gly
63,0.315,1.740000000000001,RNAPmax_gly
64,0.32,1.737000000000001,RNAPmax_gly
65,0.325,1.734000000000001,RNAPmax_gly
66,0.33,1.7310000000000012,RNAPmax_gly
67,0.335,1.728000000000001,RNAPmax_gly
68,0.34,1.726000000000001,RNAPmax_gly
69,0.34500000000000003,1.7230000000000012,RNAPmax_gly
70,0.35000000000000003,1.720000000000001,RNAPmax_gly
71,0.35500000000000004,1.717000000000001,RNAPmax_gly
72,0.36,1.7150000000000012,RNAPmax_gly
73,0.365,1.712000000000001,RNAPmax_gly
74,0.37,1.709000000000001,RNAPmax_gly
75,0.375,1.706000000000001,RNAPmax_gly
76,0.38,1.7030000000000012,RNAPmax_gly
77,0.385,1.701000000000001,RNAPmax_gly
78,0.39,1.698000000000001,RNAPmax_gly
79,0.395,1.6950000000000012,RNAPmax_gly
80,0.4,1.692000000000001,RNAPmax_gly
81,0.405,1.690000000000001,RNAPmax_gly
82,0.41000000000000003,1.6870000000000012,RNAPmax_gly
83,0.41500000000000004,1.684000000000001,RNAPmax_gly
84,0.42000000000000004,1.681000000000001,RNAPmax_gly
85,0.425,1.6790000000000012,RNAPmax_gly
86,0.43,1.676000000000001,RNAPmax_gly
87,0.435,1.673000000000001,RNAPmax_gly
88,0.44,1.670000000000001,RNAPmax_gly
89,0.445,1.668000000000001,RNAPmax_gly
90,0.45,1.665000000000001,RNAPmax_gly
91,0.455,1.662000000000001,RNAPmax_gly
92,0.46,1.660000000000001,RNAPmax_gly
93,0.465,1.657000000000001,RNAPmax_gly
94,0.47000000000000003,1.654000000000001,RNAPmax_gly
95,0.47500000000000003,1.6510000000000011,RNAPmax_gly
96,0.48000000000000004,1.649000000000001,RNAPmax_gly
97,0.485,1.646000000000001,RNAPmax_gly
98,0.49,1.6430000000000011,RNAPmax_gly
99,0.495,1.641000000000001,RNAPmax_gly
100,0.5,1.638000000000001,RNAPmax_gly
101,0.505,1.6350000000000011,RNAPmax_gly
102,0.51,1.633000000000001,RNAPmax_gly
103,0.515,1.630000000000001,RNAPmax_gly
104,0.52,1.6270000000000011,RNAPmax_gly
105,0.525,1.6250000000000009,RNAPmax_gly
106,0.53,1.622000000000001,RNAPmax_gly
107,0.535,1.619000000000001,RNAPmax_gly
108,0.54,1.6170000000000009,RNAPmax_gly
109,0.545,1.614000000000001,RNAPmax_gly
110,0.55,1.611000000000001,RNAPmax_gly
111,0.555,1.6090000000000009,RNAPmax_gly
112,0.56,1.606000000000001,RNAPmax_gly
113,0.5650000000000001,1.603000000000001,RNAPmax_gly
114,0.5700000000000001,1.6010000000000009,RNAPmax_gly
115,0.5750000000000001,1.598000000000001,RNAPmax_gly
116,0.5800000000000001,1.596000000000001,RNAPmax_gly
117,0.585,1.5930000000000009,RNAPmax_gly
118,0.59,1.590000000000001,RNAPmax_gly
119,0.595,1.588000000000001,RNAPmax_gly
120,0.6,1.5850000000000009,RNAPmax_gly
121,0.605,1.582000000000001,RNAPmax_gly
122,0.61,1.580000000000001,RNAPmax_gly
123,0.615,1.5770000000000008,RNAPmax_gly
124,0.62,1.575000000000001,RNAPmax_gly
125,0.625,1.572000000000001,RNAPmax_gly
126,0.63,1.570000000000001,RNAPmax_gly
127,0.635,1.567000000000001,RNAPmax_gly
128,0.64,1.564000000000001,RNAPmax_gly
129,0.645,1.562000000000001,RNAPmax_gly
130,0.65,1.559000000000001,RNAPmax_gly
131,0.655,1.5570000000000008,RNAPmax_gly
132,0.66,1.554000000000001,RNAPmax_gly
133,0.665,1.552000000000001,RNAPmax_gly
134,0.67,1.5490000000000008,RNAPmax_gly
135,0.675,1.546000000000001,RNAPmax_gly
136,0.68,1.544000000000001,RNAPmax_gly
137,0.685,1.5410000000000008,RNAPmax_gly
138,0.6900000000000001,1.539000000000001,RNAPmax_gly
139,0.6950000000000001,1.536000000000001,RNAPmax_gly
140,0.7000000000000001,1.534000000000001,RNAPmax_gly
141,0.7050000000000001,1.531000000000001,RNAPmax_gly
142,0.71,1.5290000000000008,RNAPmax_gly
143,0.715,1.526000000000001,RNAPmax_gly
144,0.72,1.524000000000001,RNAPmax_gly
145,0.725,1.5210000000000008,RNAPmax_gly
146,0.73,1.519000000000001,RNAPmax_gly
147,0.735,1.516000000000001,RNAPmax_gly
148,0.74,1.514000000000001,RNAPmax_gly
149,0.745,1.511000000000001,RNAPmax_gly
150,0.75,1.5090000000000008,RNAPmax_gly
151,0.755,1.506000000000001,RNAPmax_gly
152,0.76,1.504000000000001,RNAPmax_gly
153,0.765,1.5010000000000008,RNAPmax_gly
154,0.77,1.499000000000001,RNAPmax_gly
155,0.775,1.4960000000000009,RNAPmax_gly
156,0.78,1.4940000000000009,RNAPmax_gly
157,0.785,1.491000000000001,RNAPmax_gly
158,0.79,1.4890000000000008,RNAPmax_gly
159,0.795,1.4860000000000009,RNAPmax_gly
160,0.8,1.4840000000000009,RNAPmax_gly
161,0.805,1.4820000000000009,RNAPmax_gly
162,0.81,1.479000000000001,RNAPmax_gly
163,0.8150000000000001,1.4770000000000008,RNAPmax_gly
164,0.8200000000000001,1.4740000000000009,RNAPmax_gly
165,0.8250000000000001,1.4720000000000009,RNAPmax_gly
166,0.8300000000000001,1.4690000000000007,RNAPmax_gly
167,0.8350000000000001,1.467000000000001,RNAPmax_gly
168,0.84,1.4650000000000007,RNAPmax_gly
169,0.845,1.4620000000000009,RNAPmax_gly
170,0.85,1.4600000000000009,RNAPmax_gly
171,0.855,1.4570000000000007,RNAPmax_gly
172,0.86,1.455000000000001,RNAPmax_gly
173,0.865,1.4530000000000007,RNAPmax_gly
174,0.87,1.4500000000000008,RNAPmax_gly
175,0.875,1.4480000000000008,RNAPmax_gly
176,0.88,1.4450000000000007,RNAPmax_gly
177,0.885,1.443000000000001,RNAPmax_gly
178,0.89,1.4410000000000007,RNAPmax_gly
179,0.895,1.4380000000000008,RNAPmax_gly
180,0.9,1.4360000000000008,RNAPmax_gly
181,0.905,1.4340000000000008,RNAPmax_gly
182,0.91,1.431000000000001,RNAPmax_gly
183,0.915,1.4290000000000007,RNAPmax_gly
184,0.92,1.427000000000001,RNAPmax_gly
185,0.925,1.4240000000000008,RNAPmax_gly
186,0.93,1.4220000000000008,RNAPmax_gly
187,0.935,1.4200000000000008,RNAPmax_gly
188,0.9400000000000001,1.4170000000000007,RNAPmax_gly
189,0.9450000000000001,1.415000000000001,RNAPmax_gly
190,0.9500000000000001,1.4130000000000007,RNAPmax_gly
191,0.9550000000000001,1.4100000000000008,RNAPmax_gly
192,0.9600000000000001,1.4080000000000008,RNAPmax_gly
193,0.965,1.4060000000000008,RNAPmax_gly
194,0.97,1.403000000000001,RNAPmax_gly
195,0.975,1.4010000000000007,RNAPmax_gly
196,0.98,1.399000000000001,RNAPmax_gly
197,0.985,1.3970000000000007,RNAPmax_gly
198,0.99,1.3940000000000008,RNAPmax_gly
199,0.995,1.3920000000000008,RNAPmax_gly
200,0.99999,1.3900000000000008,RNAPmax_gly
0,1e-05,1.2430000000000008,RNAPmax_succ
1,0.005,1.2410000000000005,RNAPmax_succ
2,0.01,1.2400000000000007,RNAPmax_succ
3,0.015,1.2390000000000008,RNAPmax_succ
4,0.02,1.2370000000000005,RNAPmax_succ
5,0.025,1.2360000000000007,RNAPmax_succ
6,0.030000000000000002,1.2350000000000008,RNAPmax_succ
7,0.034999999999999996,1.2330000000000005,RNAPmax_succ
8,0.04,1.2320000000000007,RNAPmax_succ
9,0.045,1.2310000000000008,RNAPmax_succ
10,0.049999999999999996,1.2290000000000005,RNAPmax_succ
11,0.055,1.2280000000000006,RNAPmax_succ
12,0.06,1.2270000000000008,RNAPmax_succ
13,0.065,1.2250000000000005,RNAPmax_succ
14,0.07,1.2240000000000006,RNAPmax_succ
15,0.07500000000000001,1.2220000000000006,RNAPmax_succ
16,0.08,1.2210000000000005,RNAPmax_succ
17,0.085,1.2200000000000006,RNAPmax_succ
18,0.09000000000000001,1.2180000000000006,RNAPmax_succ
19,0.095,1.2170000000000005,RNAPmax_succ
20,0.1,1.2160000000000006,RNAPmax_succ
21,0.10500000000000001,1.2140000000000006,RNAPmax_succ
22,0.11,1.2130000000000005,RNAPmax_succ
23,0.115,1.2120000000000006,RNAPmax_succ
24,0.12000000000000001,1.2100000000000006,RNAPmax_succ
25,0.125,1.2090000000000005,RNAPmax_succ
26,0.13,1.2080000000000006,RNAPmax_succ
27,0.135,1.2060000000000006,RNAPmax_succ
28,0.14,1.2050000000000005,RNAPmax_succ
29,0.14500000000000002,1.2040000000000006,RNAPmax_succ
30,0.15,1.2020000000000006,RNAPmax_succ
31,0.155,1.2010000000000005,RNAPmax_succ
32,0.16,1.2000000000000006,RNAPmax_succ
33,0.165,1.1980000000000006,RNAPmax_succ
34,0.17,1.1970000000000005,RNAPmax_succ
35,0.17500000000000002,1.1960000000000006,RNAPmax_succ
36,0.18000000000000002,1.1940000000000006,RNAPmax_succ
37,0.185,1.1930000000000005,RNAPmax_succ
38,0.19,1.1920000000000006,RNAPmax_succ
39,0.195,1.1900000000000006,RNAPmax_succ
40,0.2,1.1890000000000005,RNAPmax_succ
41,0.20500000000000002,1.1880000000000006,RNAPmax_succ
42,0.21000000000000002,1.1860000000000006,RNAPmax_succ
43,0.215,1.1850000000000005,RNAPmax_succ
44,0.22,1.1840000000000006,RNAPmax_succ
45,0.225,1.1820000000000006,RNAPmax_succ
46,0.23,1.1810000000000005,RNAPmax_succ
47,0.23500000000000001,1.1800000000000006,RNAPmax_succ
48,0.24000000000000002,1.1780000000000006,RNAPmax_succ
49,0.245,1.1770000000000005,RNAPmax_succ
50,0.25,1.1760000000000006,RNAPmax_succ
51,0.255,1.1740000000000006,RNAPmax_succ
52,0.26,1.1730000000000005,RNAPmax_succ
53,0.265,1.1720000000000006,RNAPmax_succ
54,0.27,1.1700000000000006,RNAPmax_succ
55,0.275,1.1690000000000005,RNAPmax_succ
56,0.28,1.1680000000000006,RNAPmax_succ
57,0.28500000000000003,1.1660000000000006,RNAPmax_succ
58,0.29000000000000004,1.1650000000000005,RNAPmax_succ
59,0.295,1.1640000000000006,RNAPmax_succ
60,0.3,1.1620000000000006,RNAPmax_succ
61,0.305,1.1610000000000005,RNAPmax_succ
62,0.31,1.1600000000000006,RNAPmax_succ
63,0.315,1.1590000000000007,RNAPmax_succ
64,0.32,1.1570000000000005,RNAPmax_succ
65,0.325,1.1560000000000006,RNAPmax_succ
66,0.33,1.1550000000000007,RNAPmax_succ
67,0.335,1.1530000000000005,RNAPmax_succ
68,0.34,1.1520000000000006,RNAPmax_succ
69,0.34500000000000003,1.1510000000000007,RNAPmax_succ
70,0.35000000000000003,1.1490000000000005,RNAPmax_succ
71,0.35500000000000004,1.1480000000000006,RNAPmax_succ
72,0.36,1.1470000000000007,RNAPmax_succ
73,0.365,1.1450000000000005,RNAPmax_succ
74,0.37,1.1440000000000006,RNAPmax_succ
75,0.375,1.1430000000000007,RNAPmax_succ
76,0.38,1.1420000000000006,RNAPmax_succ
77,0.385,1.1400000000000006,RNAPmax_succ
78,0.39,1.1390000000000007,RNAPmax_succ
79,0.395,1.1380000000000006,RNAPmax_succ
80,0.4,1.1360000000000006,RNAPmax_succ
81,0.405,1.1350000000000007,RNAPmax_succ
82,0.41000000000000003,1.1340000000000006,RNAPmax_succ
83,0.41500000000000004,1.1330000000000005,RNAPmax_succ
84,0.42000000000000004,1.1310000000000007,RNAPmax_succ
85,0.425,1.1300000000000006,RNAPmax_succ
86,0.43,1.1290000000000004,RNAPmax_succ
87,0.435,1.1270000000000007,RNAPmax_succ
88,0.44,1.1260000000000006,RNAPmax_succ
89,0.445,1.1250000000000004,RNAPmax_succ
90,0.45,1.1240000000000006,RNAPmax_succ
91,0.455,1.1220000000000006,RNAPmax_succ
92,0.46,1.1210000000000004,RNAPmax_succ
93,0.465,1.1200000000000006,RNAPmax_succ
94,0.47000000000000003,1.1190000000000007,RNAPmax_succ
95,0.47500000000000003,1.1170000000000004,RNAPmax_succ
96,0.48000000000000004,1.1160000000000005,RNAPmax_succ
97,0.485,1.1150000000000007,RNAPmax_succ
98,0.49,1.1130000000000004,RNAPmax_succ
99,0.495,1.1120000000000005,RNAPmax_succ
100,0.5,1.1110000000000007,RNAPmax_succ
101,0.505,1.1100000000000005,RNAPmax_succ
102,0.51,1.1080000000000005,RNAPmax_succ
103,0.515,1.1070000000000007,RNAPmax_succ
104,0.52,1.1060000000000005,RNAPmax_succ
105,0.525,1.1050000000000004,RNAPmax_succ
106,0.53,1.1030000000000006,RNAPmax_succ
107,0.535,1.1020000000000005,RNAPmax_succ
108,0.54,1.1010000000000004,RNAPmax_succ
109,0.545,1.1000000000000005,RNAPmax_succ
110,0.55,1.0980000000000005,RNAPmax_succ
111,0.555,1.0970000000000004,RNAPmax_succ
112,0.56,1.0960000000000005,RNAPmax_succ
113,0.5650000000000001,1.0950000000000006,RNAPmax_succ
114,0.5700000000000001,1.0930000000000004,RNAPmax_succ
115,0.5750000000000001,1.0920000000000005,RNAPmax_succ
116,0.5800000000000001,1.0910000000000006,RNAPmax_succ
117,0.585,1.0900000000000005,RNAPmax_succ
118,0.59,1.0880000000000005,RNAPmax_succ
119,0.595,1.0870000000000006,RNAPmax_succ
120,0.6,1.0860000000000005,RNAPmax_succ
121,0.605,1.0850000000000004,RNAPmax_succ
122,0.61,1.0830000000000006,RNAPmax_succ
123,0.615,1.0820000000000005,RNAPmax_succ
124,0.62,1.0810000000000004,RNAPmax_succ
125,0.625,1.0800000000000005,RNAPmax_succ
126,0.63,1.0780000000000005,RNAPmax_succ
127,0.635,1.0770000000000004,RNAPmax_succ
128,0.64,1.0760000000000005,RNAPmax_succ
129,0.645,1.0750000000000006,RNAPmax_succ
130,0.65,1.0740000000000005,RNAPmax_succ
131,0.655,1.0720000000000005,RNAPmax_succ
132,0.66,1.0710000000000006,RNAPmax_succ
133,0.665,1.0700000000000005,RNAPmax_succ
134,0.67,1.0690000000000004,RNAPmax_succ
135,0.675,1.0670000000000006,RNAPmax_succ
136,0.68,1.0660000000000005,RNAPmax_succ
137,0.685,1.0650000000000004,RNAPmax_succ
138,0.6900000000000001,1.0640000000000005,RNAPmax_succ
139,0.6950000000000001,1.0630000000000006,RNAPmax_succ
140,0.7000000000000001,1.0610000000000004,RNAPmax_succ
141,0.7050000000000001,1.0600000000000005,RNAPmax_succ
142,0.71,1.0590000000000006,RNAPmax_succ
143,0.715,1.0580000000000005,RNAPmax_succ
144,0.72,1.0570000000000004,RNAPmax_succ
145,0.725,1.0550000000000006,RNAPmax_succ
146,0.73,1.0540000000000005,RNAPmax_succ
147,0.735,1.0530000000000004,RNAPmax_succ
148,0.74,1.0520000000000005,RNAPmax_succ
149,0.745,1.0510000000000006,RNAPmax_succ
150,0.75,1.0490000000000004,RNAPmax_succ
151,0.755,1.0480000000000005,RNAPmax_succ
152,0.76,1.0470000000000006,RNAPmax_succ
153,0.765,1.0460000000000005,RNAPmax_succ
154,0.77,1.0450000000000004,RNAPmax_succ
155,0.775,1.0430000000000006,RNAPmax_succ
156,0.78,1.0420000000000005,RNAPmax_succ
157,0.785,1.0410000000000004,RNAPmax_succ
158,0.79,1.0400000000000005,RNAPmax_succ
159,0.795,1.0390000000000006,RNAPmax_succ
160,0.8,1.0370000000000004,RNAPmax_succ
161,0.805,1.0360000000000005,RNAPmax_succ
162,0.81,1.0350000000000006,RNAPmax_succ
163,0.8150000000000001,1.0340000000000005,RNAPmax_succ
164,0.8200000000000001,1.0330000000000004,RNAPmax_succ
165,0.8250000000000001,1.0320000000000005,RNAPmax_succ
166,0.8300000000000001,1.0300000000000005,RNAPmax_succ
167,0.8350000000000001,1.0290000000000004,RNAPmax_succ
168,0.84,1.0280000000000005,RNAPmax_succ
169,0.845,1.0270000000000006,RNAPmax_succ
170,0.85,1.0260000000000005,RNAPmax_succ
171,0.855,1.0240000000000005,RNAPmax_succ
172,0.86,1.0230000000000006,RNAPmax_succ
173,0.865,1.0220000000000005,RNAPmax_succ
174,0.87,1.0210000000000004,RNAPmax_succ
175,0.875,1.0200000000000005,RNAPmax_succ
176,0.88,1.0190000000000006,RNAPmax_succ
177,0.885,1.0170000000000003,RNAPmax_succ
178,0.89,1.0160000000000005,RNAPmax_succ
179,0.895,1.0150000000000006,RNAPmax_succ
180,0.9,1.0140000000000005,RNAPmax_succ
181,0.905,1.0130000000000003,RNAPmax_succ
182,0.91,1.0120000000000005,RNAPmax_succ
183,0.915,1.0110000000000006,RNAPmax_succ
184,0.92,1.0090000000000003,RNAPmax_succ
185,0.925,1.0080000000000005,RNAPmax_succ
186,0.93,1.0070000000000006,RNAPmax_succ
187,0.935,1.0060000000000004,RNAPmax_succ
188,0.9400000000000001,1.0050000000000003,RNAPmax_succ
189,0.9450000000000001,1.0040000000000004,RNAPmax_succ
190,0.9500000000000001,1.0030000000000006,RNAPmax_succ
191,0.9550000000000001,1.0010000000000003,RNAPmax_succ
192,0.9600000000000001,1.0000000000000004,RNAPmax_succ
193,0.965,0.9990000000000004,RNAPmax_succ
194,0.97,0.9980000000000004,RNAPmax_succ
195,0.975,0.9970000000000004,RNAPmax_succ
196,0.98,0.9960000000000004,RNAPmax_succ
197,0.985,0.9950000000000004,RNAPmax_succ
198,0.99,0.9930000000000004,RNAPmax_succ
199,0.995,0.9920000000000004,RNAPmax_succ
200,0.99999,0.9910000000000004,RNAPmax_succ
0,1e-05,2.8420000000000023,RNAPmax_LB
1,0.005,2.847000000000002,RNAPmax_LB
2,0.01,2.851000000000002,RNAPmax_LB
3,0.015,2.856000000000002,RNAPmax_LB
4,0.02,2.861000000000002,RNAPmax_LB
5,0.025,2.8660000000000023,RNAPmax_LB
6,0.030000000000000002,2.871000000000002,RNAPmax_LB
7,0.034999999999999996,2.877000000000002,RNAPmax_LB
8,0.04,2.8820000000000023,RNAPmax_LB
9,0.045,2.8870000000000022,RNAPmax_LB
10,0.049999999999999996,2.892000000000002,RNAPmax_LB
11,0.055,2.897000000000002,RNAPmax_LB
12,0.06,2.9030000000000022,RNAPmax_LB
13,0.065,2.908000000000002,RNAPmax_LB
14,0.07,2.913000000000002,RNAPmax_LB
15,0.07500000000000001,2.9190000000000023,RNAPmax_LB
16,0.08,2.924000000000002,RNAPmax_LB
17,0.085,2.9300000000000024,RNAPmax_LB
18,0.09000000000000001,2.9350000000000023,RNAPmax_LB
19,0.095,2.941000000000002,RNAPmax_LB
20,0.1,2.9470000000000023,RNAPmax_LB
21,0.10500000000000001,2.952000000000002,RNAPmax_LB
22,0.11,2.958000000000002,RNAPmax_LB
23,0.115,2.964000000000002,RNAPmax_LB
24,0.12000000000000001,2.9700000000000024,RNAPmax_LB
25,0.125,2.976000000000002,RNAPmax_LB
26,0.13,2.982000000000002,RNAPmax_LB
27,0.135,2.988000000000002,RNAPmax_LB
28,0.14,2.9940000000000024,RNAPmax_LB
29,0.14500000000000002,3.000000000000002,RNAPmax_LB
30,0.15,3.006000000000002,RNAPmax_LB
31,0.155,3.013000000000002,RNAPmax_LB
32,0.16,3.0190000000000023,RNAPmax_LB
33,0.165,3.025000000000002,RNAPmax_LB
34,0.17,3.0320000000000022,RNAPmax_LB
35,0.17500000000000002,3.038000000000002,RNAPmax_LB
36,0.18000000000000002,3.045000000000002,RNAPmax_LB
37,0.185,3.0510000000000024,RNAPmax_LB
38,0.19,3.0580000000000025,RNAPmax_LB
39,0.195,3.065000000000002,RNAPmax_LB
40,0.2,3.0720000000000023,RNAPmax_LB
41,0.20500000000000002,3.0790000000000024,RNAPmax_LB
42,0.21000000000000002,3.085000000000002,RNAPmax_LB
43,0.215,3.0920000000000023,RNAPmax_LB
44,0.22,3.1000000000000023,RNAPmax_LB
45,0.225,3.1070000000000024,RNAPmax_LB
46,0.23,3.1140000000000025,RNAPmax_LB
47,0.23500000000000001,3.121000000000002,RNAPmax_LB
48,0.24000000000000002,3.1290000000000022,RNAPmax_LB
49,0.245,3.1360000000000023,RNAPmax_LB
50,0.25,3.1440000000000023,RNAPmax_LB
51,0.255,3.1510000000000025,RNAPmax_LB
52,0.26,3.1590000000000025,RNAPmax_LB
53,0.265,3.1670000000000025,RNAPmax_LB
54,0.27,3.174000000000002,RNAPmax_LB
55,0.275,3.182000000000002,RNAPmax_LB
56,0.28,3.190000000000002,RNAPmax_LB
57,0.28500000000000003,3.198000000000002,RNAPmax_LB
58,0.29000000000000004,3.2070000000000025,RNAPmax_LB
59,0.295,3.2150000000000025,RNAPmax_LB
60,0.3,3.2230000000000025,RNAPmax_LB
61,0.305,3.2150000000000025,RNAPmax_LB
62,0.31,3.206000000000002,RNAPmax_LB
63,0.315,3.1970000000000023,RNAPmax_LB
64,0.32,3.1880000000000024,RNAPmax_LB
65,0.325,3.1790000000000025,RNAPmax_LB
66,0.33,3.1700000000000026,RNAPmax_LB
67,0.335,3.1610000000000023,RNAPmax_LB
68,0.34,3.1520000000000024,RNAPmax_LB
69,0.34500000000000003,3.1430000000000025,RNAPmax_LB
70,0.35000000000000003,3.134000000000002,RNAPmax_LB
71,0.35500000000000004,3.125000000000002,RNAPmax_LB
72,0.36,3.117000000000002,RNAPmax_LB
73,0.365,3.1080000000000023,RNAPmax_LB
74,0.37,3.0990000000000024,RNAPmax_LB
75,0.375,3.0900000000000025,RNAPmax_LB
76,0.38,3.081000000000002,RNAPmax_LB
77,0.385,3.0720000000000023,RNAPmax_LB
78,0.39,3.0640000000000023,RNAPmax_LB
79,0.395,3.0550000000000024,RNAPmax_LB
80,0.4,3.046000000000002,RNAPmax_LB
81,0.405,3.037000000000002,RNAPmax_LB
82,0.41000000000000003,3.029000000000002,RNAPmax_LB
83,0.41500000000000004,3.0200000000000022,RNAPmax_LB
84,0.42000000000000004,3.0110000000000023,RNAPmax_LB
85,0.425,3.0030000000000023,RNAPmax_LB
86,0.43,2.9940000000000024,RNAPmax_LB
87,0.435,2.9860000000000024,RNAPmax_LB
88,0.44,2.977000000000002,RNAPmax_LB
89,0.445,2.968000000000002,RNAPmax_LB
90,0.45,2.960000000000002,RNAPmax_LB
91,0.455,2.9510000000000023,RNAPmax_LB
92,0.46,2.9430000000000023,RNAPmax_LB
93,0.465,2.934000000000002,RNAPmax_LB
94,0.47000000000000003,2.926000000000002,RNAPmax_LB
95,0.47500000000000003,2.918000000000002,RNAPmax_LB
96,0.48000000000000004,2.909000000000002,RNAPmax_LB
97,0.485,2.901000000000002,RNAPmax_LB
98,0.49,2.892000000000002,RNAPmax_LB
99,0.495,2.884000000000002,RNAPmax_LB
100,0.5,2.876000000000002,RNAPmax_LB
101,0.505,2.867000000000002,RNAPmax_LB
102,0.51,2.859000000000002,RNAPmax_LB
103,0.515,2.851000000000002,RNAPmax_LB
104,0.52,2.843000000000002,RNAPmax_LB
105,0.525,2.8340000000000023,RNAPmax_LB
106,0.53,2.8260000000000023,RNAPmax_LB
107,0.535,2.8180000000000023,RNAPmax_LB
108,0.54,2.8100000000000023,RNAPmax_LB
109,0.545,2.8020000000000023,RNAPmax_LB
110,0.55,2.7940000000000023,RNAPmax_LB
111,0.555,2.7860000000000023,RNAPmax_LB
112,0.56,2.7780000000000022,RNAPmax_LB
113,0.5650000000000001,2.7700000000000022,RNAPmax_LB
114,0.5700000000000001,2.7620000000000022,RNAPmax_LB
115,0.5750000000000001,2.7540000000000022,RNAPmax_LB
116,0.5800000000000001,2.746000000000002,RNAPmax_LB
117,0.585,2.738000000000002,RNAPmax_LB
118,0.59,2.730000000000002,RNAPmax_LB
119,0.595,2.722000000000002,RNAPmax_LB
120,0.6,2.714000000000002,RNAPmax_LB
121,0.605,2.706000000000002,RNAPmax_LB
122,0.61,2.698000000000002,RNAPmax_LB
123,0.615,2.690000000000002,RNAPmax_LB
124,0.62,2.683000000000002,RNAPmax_LB
125,0.625,2.675000000000002,RNAPmax_LB
126,0.63,2.667000000000002,RNAPmax_LB
127,0.635,2.659000000000002,RNAPmax_LB
128,0.64,2.652000000000002,RNAPmax_LB
129,0.645,2.644000000000002,RNAPmax_LB
130,0.65,2.637000000000002,RNAPmax_LB
131,0.655,2.629000000000002,RNAPmax_LB
132,0.66,2.6210000000000018,RNAPmax_LB
133,0.665,2.6140000000000017,RNAPmax_LB
134,0.67,2.6060000000000016,RNAPmax_LB
135,0.675,2.599000000000002,RNAPmax_LB
136,0.68,2.591000000000002,RNAPmax_LB
137,0.685,2.584000000000002,RNAPmax_LB
138,0.6900000000000001,2.576000000000002,RNAPmax_LB
139,0.6950000000000001,2.5690000000000017,RNAPmax_LB
140,0.7000000000000001,2.5610000000000017,RNAPmax_LB
141,0.7050000000000001,2.554000000000002,RNAPmax_LB
142,0.71,2.547000000000002,RNAPmax_LB
143,0.715,2.539000000000002,RNAPmax_LB
144,0.72,2.532000000000002,RNAPmax_LB
145,0.725,2.5250000000000017,RNAPmax_LB
146,0.73,2.5180000000000016,RNAPmax_LB
147,0.735,2.5100000000000016,RNAPmax_LB
148,0.74,2.503000000000002,RNAPmax_LB
149,0.745,2.4960000000000018,RNAPmax_LB
150,0.75,2.4890000000000017,RNAPmax_LB
151,0.755,2.482000000000002,RNAPmax_LB
152,0.76,2.475000000000002,RNAPmax_LB
153,0.765,2.4680000000000017,RNAPmax_LB
154,0.77,2.4610000000000016,RNAPmax_LB
155,0.775,2.4540000000000015,RNAPmax_LB
156,0.78,2.447000000000002,RNAPmax_LB
157,0.785,2.4400000000000017,RNAPmax_LB
158,0.79,2.4330000000000016,RNAPmax_LB
159,0.795,2.426000000000002,RNAPmax_LB
160,0.8,2.419000000000002,RNAPmax_LB
161,0.805,2.4120000000000017,RNAPmax_LB
162,0.81,2.4050000000000016,RNAPmax_LB
163,0.8150000000000001,2.3980000000000015,RNAPmax_LB
164,0.8200000000000001,2.391000000000002,RNAPmax_LB
165,0.8250000000000001,2.3850000000000016,RNAPmax_LB
166,0.8300000000000001,2.378000000000002,RNAPmax_LB
167,0.8350000000000001,2.3710000000000018,RNAPmax_LB
168,0.84,2.3640000000000017,RNAPmax_LB
169,0.845,2.3580000000000014,RNAPmax_LB
170,0.85,2.3510000000000018,RNAPmax_LB
171,0.855,2.3440000000000016,RNAPmax_LB
172,0.86,2.338000000000002,RNAPmax_LB
173,0.865,2.3310000000000017,RNAPmax_LB
174,0.87,2.3250000000000015,RNAPmax_LB
175,0.875,2.3180000000000014,RNAPmax_LB
176,0.88,2.3120000000000016,RNAPmax_LB
177,0.885,2.3050000000000015,RNAPmax_LB
178,0.89,2.2990000000000017,RNAPmax_LB
179,0.895,2.2920000000000016,RNAPmax_LB
180,0.9,2.2860000000000014,RNAPmax_LB
181,0.905,2.2790000000000017,RNAPmax_LB
182,0.91,2.2730000000000015,RNAPmax_LB
183,0.915,2.2670000000000017,RNAPmax_LB
184,0.92,2.2600000000000016,RNAPmax_LB
185,0.925,2.2540000000000013,RNAPmax_LB
186,0.93,2.2480000000000016,RNAPmax_LB
187,0.935,2.2420000000000018,RNAPmax_LB
188,0.9400000000000001,2.2350000000000017,RNAPmax_LB
189,0.9450000000000001,2.2290000000000014,RNAPmax_LB
190,0.9500000000000001,2.2230000000000016,RNAPmax_LB
191,0.9550000000000001,2.2170000000000014,RNAPmax_LB
192,0.9600000000000001,2.2110000000000016,RNAPmax_LB
193,0.965,2.2050000000000014,RNAPmax_LB
194,0.97,2.1990000000000016,RNAPmax_LB
195,0.975,2.1920000000000015,RNAPmax_LB
196,0.98,2.1860000000000017,RNAPmax_LB
197,0.985,2.1800000000000015,RNAPmax_LB
198,0.99,2.1740000000000013,RNAPmax_LB
199,0.995,2.1680000000000015,RNAPmax_LB
200,0.99999,2.1630000000000016,RNAPmax_LB
0,1e-05,2.419000000000002,RNAPmax_glcAA
1,0.005,2.423000000000002,RNAPmax_glcAA
2,0.01,2.4280000000000017,RNAPmax_glcAA
3,0.015,2.4320000000000017,RNAPmax_glcAA
4,0.02,2.4360000000000017,RNAPmax_glcAA
5,0.025,2.4410000000000016,RNAPmax_glcAA
6,0.030000000000000002,2.4450000000000016,RNAPmax_glcAA
7,0.034999999999999996,2.450000000000002,RNAPmax_glcAA
8,0.04,2.455000000000002,RNAPmax_glcAA
9,0.045,2.459000000000002,RNAPmax_glcAA
10,0.049999999999999996,2.4640000000000017,RNAPmax_glcAA
11,0.055,2.4690000000000016,RNAPmax_glcAA
12,0.06,2.4730000000000016,RNAPmax_glcAA
13,0.065,2.4780000000000015,RNAPmax_glcAA
14,0.07,2.483000000000002,RNAPmax_glcAA
15,0.07500000000000001,2.4880000000000018,RNAPmax_glcAA
16,0.08,2.4930000000000017,RNAPmax_glcAA
17,0.085,2.498000000000002,RNAPmax_glcAA
18,0.09000000000000001,2.503000000000002,RNAPmax_glcAA
19,0.095,2.508000000000002,RNAPmax_glcAA
20,0.1,2.5130000000000017,RNAPmax_glcAA
21,0.10500000000000001,2.5180000000000016,RNAPmax_glcAA
22,0.11,2.523000000000002,RNAPmax_glcAA
23,0.115,2.528000000000002,RNAPmax_glcAA
24,0.12000000000000001,2.5330000000000017,RNAPmax_glcAA
25,0.125,2.539000000000002,RNAPmax_glcAA
26,0.13,2.544000000000002,RNAPmax_glcAA
27,0.135,2.5490000000000017,RNAPmax_glcAA
28,0.14,2.555000000000002,RNAPmax_glcAA
29,0.14500000000000002,2.560000000000002,RNAPmax_glcAA
30,0.15,2.5660000000000016,RNAPmax_glcAA
31,0.155,2.571000000000002,RNAPmax_glcAA
32,0.16,2.5770000000000017,RNAPmax_glcAA
33,0.165,2.583000000000002,RNAPmax_glcAA
34,0.17,2.588000000000002,RNAPmax_glcAA
35,0.17500000000000002,2.594000000000002,RNAPmax_glcAA
36,0.18000000000000002,2.600000000000002,RNAPmax_glcAA
37,0.185,2.6060000000000016,RNAPmax_glcAA
38,0.19,2.612000000000002,RNAPmax_glcAA
39,0.195,2.618000000000002,RNAPmax_glcAA
40,0.2,2.624000000000002,RNAPmax_glcAA
41,0.20500000000000002,2.6300000000000017,RNAPmax_glcAA
42,0.21000000000000002,2.636000000000002,RNAPmax_glcAA
43,0.215,2.643000000000002,RNAPmax_glcAA
44,0.22,2.649000000000002,RNAPmax_glcAA
45,0.225,2.655000000000002,RNAPmax_glcAA
46,0.23,2.6620000000000017,RNAPmax_glcAA
47,0.23500000000000001,2.668000000000002,RNAPmax_glcAA
48,0.24000000000000002,2.675000000000002,RNAPmax_glcAA
49,0.245,2.681000000000002,RNAPmax_glcAA
50,0.25,2.688000000000002,RNAPmax_glcAA
51,0.255,2.695000000000002,RNAPmax_glcAA
52,0.26,2.7020000000000017,RNAPmax_glcAA
53,0.265,2.709000000000002,RNAPmax_glcAA
54,0.27,2.716000000000002,RNAPmax_glcAA
55,0.275,2.723000000000002,RNAPmax_glcAA
56,0.28,2.730000000000002,RNAPmax_glcAA
57,0.28500000000000003,2.737000000000002,RNAPmax_glcAA
58,0.29000000000000004,2.744000000000002,RNAPmax_glcAA
59,0.295,2.752000000000002,RNAPmax_glcAA
60,0.3,2.759000000000002,RNAPmax_glcAA
61,0.305,2.767000000000002,RNAPmax_glcAA
62,0.31,2.774000000000002,RNAPmax_glcAA
63,0.315,2.782000000000002,RNAPmax_glcAA
64,0.32,2.790000000000002,RNAPmax_glcAA
65,0.325,2.798000000000002,RNAPmax_glcAA
66,0.33,2.806000000000002,RNAPmax_glcAA
67,0.335,2.814000000000002,RNAPmax_glcAA
68,0.34,2.822000000000002,RNAPmax_glcAA
69,0.34500000000000003,2.830000000000002,RNAPmax_glcAA
70,0.35000000000000003,2.838000000000002,RNAPmax_glcAA
71,0.35500000000000004,2.8420000000000023,RNAPmax_glcAA
72,0.36,2.835000000000002,RNAPmax_glcAA
73,0.365,2.827000000000002,RNAPmax_glcAA
74,0.37,2.820000000000002,RNAPmax_glcAA
75,0.375,2.813000000000002,RNAPmax_glcAA
76,0.38,2.805000000000002,RNAPmax_glcAA
77,0.385,2.798000000000002,RNAPmax_glcAA
78,0.39,2.791000000000002,RNAPmax_glcAA
79,0.395,2.784000000000002,RNAPmax_glcAA
80,0.4,2.777000000000002,RNAPmax_glcAA
81,0.405,2.769000000000002,RNAPmax_glcAA
82,0.41000000000000003,2.7620000000000022,RNAPmax_glcAA
83,0.41500000000000004,2.755000000000002,RNAPmax_glcAA
84,0.42000000000000004,2.748000000000002,RNAPmax_glcAA
85,0.425,2.741000000000002,RNAPmax_glcAA
86,0.43,2.733000000000002,RNAPmax_glcAA
87,0.435,2.7260000000000018,RNAPmax_glcAA
88,0.44,2.719000000000002,RNAPmax_glcAA
89,0.445,2.712000000000002,RNAPmax_glcAA
90,0.45,2.705000000000002,RNAPmax_glcAA
91,0.455,2.698000000000002,RNAPmax_glcAA
92,0.46,2.691000000000002,RNAPmax_glcAA
93,0.465,2.684000000000002,RNAPmax_glcAA
94,0.47000000000000003,2.677000000000002,RNAPmax_glcAA
95,0.47500000000000003,2.6700000000000017,RNAPmax_glcAA
96,0.48000000000000004,2.663000000000002,RNAPmax_glcAA
97,0.485,2.656000000000002,RNAPmax_glcAA
98,0.49,2.649000000000002,RNAPmax_glcAA
99,0.495,2.642000000000002,RNAPmax_glcAA
100,0.5,2.635000000000002,RNAPmax_glcAA
101,0.505,2.628000000000002,RNAPmax_glcAA
102,0.51,2.6210000000000018,RNAPmax_glcAA
103,0.515,2.6140000000000017,RNAPmax_glcAA
104,0.52,2.607000000000002,RNAPmax_glcAA
105,0.525,2.6010000000000018,RNAPmax_glcAA
106,0.53,2.594000000000002,RNAPmax_glcAA
107,0.535,2.587000000000002,RNAPmax_glcAA
108,0.54,2.580000000000002,RNAPmax_glcAA
109,0.545,2.5730000000000017,RNAPmax_glcAA
110,0.55,2.567000000000002,RNAPmax_glcAA
111,0.555,2.560000000000002,RNAPmax_glcAA
112,0.56,2.5530000000000017,RNAPmax_glcAA
113,0.5650000000000001,2.546000000000002,RNAPmax_glcAA
114,0.5700000000000001,2.540000000000002,RNAPmax_glcAA
115,0.5750000000000001,2.5330000000000017,RNAPmax_glcAA
116,0.5800000000000001,2.5260000000000016,RNAPmax_glcAA
117,0.585,2.520000000000002,RNAPmax_glcAA
118,0.59,2.5130000000000017,RNAPmax_glcAA
119,0.595,2.506000000000002,RNAPmax_glcAA
120,0.6,2.5000000000000018,RNAPmax_glcAA
121,0.605,2.4930000000000017,RNAPmax_glcAA
122,0.61,2.487000000000002,RNAPmax_glcAA
123,0.615,2.4800000000000018,RNAPmax_glcAA
124,0.62,2.474000000000002,RNAPmax_glcAA
125,0.625,2.467000000000002,RNAPmax_glcAA
126,0.63,2.4610000000000016,RNAPmax_glcAA
127,0.635,2.4540000000000015,RNAPmax_glcAA
128,0.64,2.4480000000000017,RNAPmax_glcAA
129,0.645,2.4410000000000016,RNAPmax_glcAA
130,0.65,2.435000000000002,RNAPmax_glcAA
131,0.655,2.4280000000000017,RNAPmax_glcAA
132,0.66,2.4220000000000015,RNAPmax_glcAA
133,0.665,2.4160000000000017,RNAPmax_glcAA
134,0.67,2.4090000000000016,RNAPmax_glcAA
135,0.675,2.403000000000002,RNAPmax_glcAA
136,0.68,2.3970000000000016,RNAPmax_glcAA
137,0.685,2.3900000000000015,RNAPmax_glcAA
138,0.6900000000000001,2.3840000000000017,RNAPmax_glcAA
139,0.6950000000000001,2.378000000000002,RNAPmax_glcAA
140,0.7000000000000001,2.3720000000000017,RNAPmax_glcAA
141,0.7050000000000001,2.3650000000000015,RNAPmax_glcAA
142,0.71,2.3590000000000018,RNAPmax_glcAA
143,0.715,2.3530000000000015,RNAPmax_glcAA
144,0.72,2.3470000000000018,RNAPmax_glcAA
145,0.725,2.3410000000000015,RNAPmax_glcAA
146,0.73,2.3340000000000014,RNAPmax_glcAA
147,0.735,2.3280000000000016,RNAPmax_glcAA
148,0.74,2.322000000000002,RNAPmax_glcAA
149,0.745,2.3160000000000016,RNAPmax_glcAA
150,0.75,2.3100000000000014,RNAPmax_glcAA
151,0.755,2.3040000000000016,RNAPmax_glcAA
152,0.76,2.298000000000002,RNAPmax_glcAA
153,0.765,2.2920000000000016,RNAPmax_glcAA
154,0.77,2.2860000000000014,RNAPmax_glcAA
155,0.775,2.2800000000000016,RNAPmax_glcAA
156,0.78,2.274000000000002,RNAPmax_glcAA
157,0.785,2.2680000000000016,RNAPmax_glcAA
158,0.79,2.2620000000000013,RNAPmax_glcAA
159,0.795,2.2560000000000016,RNAPmax_glcAA
160,0.8,2.2510000000000017,RNAPmax_glcAA
161,0.805,2.2450000000000014,RNAPmax_glcAA
162,0.81,2.2390000000000017,RNAPmax_glcAA
163,0.8150000000000001,2.2330000000000014,RNAPmax_glcAA
164,0.8200000000000001,2.2270000000000016,RNAPmax_glcAA
165,0.8250000000000001,2.2210000000000014,RNAPmax_glcAA
166,0.8300000000000001,2.2160000000000015,RNAPmax_glcAA
167,0.8350000000000001,2.2100000000000017,RNAPmax_glcAA
168,0.84,2.2040000000000015,RNAPmax_glcAA
169,0.845,2.1980000000000013,RNAPmax_glcAA
170,0.85,2.1930000000000014,RNAPmax_glcAA
171,0.855,2.1870000000000016,RNAPmax_glcAA
172,0.86,2.1810000000000014,RNAPmax_glcAA
173,0.865,2.1760000000000015,RNAPmax_glcAA
174,0.87,2.1700000000000017,RNAPmax_glcAA
175,0.875,2.1650000000000014,RNAPmax_glcAA
176,0.88,2.1590000000000016,RNAPmax_glcAA
177,0.885,2.1530000000000014,RNAPmax_glcAA
178,0.89,2.1480000000000015,RNAPmax_glcAA
179,0.895,2.1420000000000012,RNAPmax_glcAA
180,0.9,2.1370000000000013,RNAPmax_glcAA
181,0.905,2.1310000000000016,RNAPmax_glcAA
182,0.91,2.1260000000000012,RNAPmax_glcAA
183,0.915,2.1200000000000014,RNAPmax_glcAA
184,0.92,2.1150000000000015,RNAPmax_glcAA
185,0.925,2.110000000000001,RNAPmax_glcAA
186,0.93,2.1040000000000014,RNAPmax_glcAA
187,0.935,2.0990000000000015,RNAPmax_glcAA
188,0.9400000000000001,2.0930000000000013,RNAPmax_glcAA
189,0.9450000000000001,2.0880000000000014,RNAPmax_glcAA
190,0.9500000000000001,2.0830000000000015,RNAPmax_glcAA
191,0.9550000000000001,2.0770000000000013,RNAPmax_glcAA
192,0.9600000000000001,2.0720000000000014,RNAPmax_glcAA
193,0.965,2.0670000000000015,RNAPmax_glcAA
194,0.97,2.062000000000001,RNAPmax_glcAA
195,0.975,2.0560000000000014,RNAPmax_glcAA
196,0.98,2.0510000000000015,RNAPmax_glcAA
197,0.985,2.046000000000001,RNAPmax_glcAA
198,0.99,2.0410000000000013,RNAPmax_glcAA
199,0.995,2.0360000000000014,RNAPmax_glcAA
200,0.99999,2.030000000000001,RNAPmax_glcAA
0,1e-05,2.0610000000000013,RNAPmax_glyAA
1,0.005,2.0650000000000013,RNAPmax_glyAA
2,0.01,2.0690000000000013,RNAPmax_glyAA
3,0.015,2.0730000000000013,RNAPmax_glyAA
4,0.02,2.0760000000000014,RNAPmax_glyAA
5,0.025,2.0800000000000014,RNAPmax_glyAA
6,0.030000000000000002,2.0840000000000014,RNAPmax_glyAA
7,0.034999999999999996,2.0890000000000013,RNAPmax_glyAA
8,0.04,2.0930000000000013,RNAPmax_glyAA
9,0.045,2.0970000000000013,RNAPmax_glyAA
10,0.049999999999999996,2.1010000000000013,RNAPmax_glyAA
11,0.055,2.1050000000000013,RNAPmax_glyAA
12,0.06,2.1090000000000013,RNAPmax_glyAA
13,0.065,2.1140000000000017,RNAPmax_glyAA
14,0.07,2.118000000000001,RNAPmax_glyAA
15,0.07500000000000001,2.1220000000000017,RNAPmax_glyAA
16,0.08,2.1260000000000012,RNAPmax_glyAA
17,0.085,2.1310000000000016,RNAPmax_glyAA
18,0.09000000000000001,2.1350000000000016,RNAPmax_glyAA
19,0.095,2.1400000000000015,RNAPmax_glyAA
20,0.1,2.1440000000000015,RNAPmax_glyAA
21,0.10500000000000001,2.1490000000000014,RNAPmax_glyAA
22,0.11,2.1530000000000014,RNAPmax_glyAA
23,0.115,2.1580000000000013,RNAPmax_glyAA
24,0.12000000000000001,2.1630000000000016,RNAPmax_glyAA
25,0.125,2.1670000000000016,RNAPmax_glyAA
26,0.13,2.1720000000000015,RNAPmax_glyAA
27,0.135,2.1770000000000014,RNAPmax_glyAA
28,0.14,2.1820000000000013,RNAPmax_glyAA
29,0.14500000000000002,2.1870000000000016,RNAPmax_glyAA
30,0.15,2.1920000000000015,RNAPmax_glyAA
31,0.155,2.1970000000000014,RNAPmax_glyAA
32,0.16,2.2020000000000017,RNAPmax_glyAA
33,0.165,2.2070000000000016,RNAPmax_glyAA
34,0.17,2.2120000000000015,RNAPmax_glyAA
35,0.17500000000000002,2.2170000000000014,RNAPmax_glyAA
36,0.18000000000000002,2.2220000000000013,RNAPmax_glyAA
37,0.185,2.2270000000000016,RNAPmax_glyAA
38,0.19,2.2330000000000014,RNAPmax_glyAA
39,0.195,2.2380000000000013,RNAPmax_glyAA
40,0.2,2.2430000000000017,RNAPmax_glyAA
41,0.20500000000000002,2.2490000000000014,RNAPmax_glyAA
42,0.21000000000000002,2.2540000000000013,RNAPmax_glyAA
43,0.215,2.2600000000000016,RNAPmax_glyAA
44,0.22,2.2650000000000015,RNAPmax_glyAA
45,0.225,2.2710000000000017,RNAPmax_glyAA
46,0.23,2.2770000000000015,RNAPmax_glyAA
47,0.23500000000000001,2.282000000000002,RNAPmax_glyAA
48,0.24000000000000002,2.2880000000000016,RNAPmax_glyAA
49,0.245,2.2940000000000014,RNAPmax_glyAA
50,0.25,2.3000000000000016,RNAPmax_glyAA
51,0.255,2.306000000000002,RNAPmax_glyAA
52,0.26,2.3120000000000016,RNAPmax_glyAA
53,0.265,2.3180000000000014,RNAPmax_glyAA
54,0.27,2.3250000000000015,RNAPmax_glyAA
55,0.275,2.3310000000000017,RNAPmax_glyAA
56,0.28,2.3370000000000015,RNAPmax_glyAA
57,0.28500000000000003,2.3440000000000016,RNAPmax_glyAA
58,0.29000000000000004,2.3500000000000014,RNAPmax_glyAA
59,0.295,2.3570000000000015,RNAPmax_glyAA
60,0.3,2.3630000000000018,RNAPmax_glyAA
61,0.305,2.370000000000002,RNAPmax_glyAA
62,0.31,2.3770000000000016,RNAPmax_glyAA
63,0.315,2.383000000000002,RNAPmax_glyAA
64,0.32,2.3900000000000015,RNAPmax_glyAA
65,0.325,2.3970000000000016,RNAPmax_glyAA
66,0.33,2.4040000000000017,RNAPmax_glyAA
67,0.335,2.411000000000002,RNAPmax_glyAA
68,0.34,2.419000000000002,RNAPmax_glyAA
69,0.34500000000000003,2.426000000000002,RNAPmax_glyAA
70,0.35000000000000003,2.4330000000000016,RNAPmax_glyAA
71,0.35500000000000004,2.4410000000000016,RNAPmax_glyAA
72,0.36,2.4480000000000017,RNAPmax_glyAA
73,0.365,2.4560000000000017,RNAPmax_glyAA
74,0.37,2.4640000000000017,RNAPmax_glyAA
75,0.375,2.4720000000000018,RNAPmax_glyAA
76,0.38,2.4800000000000018,RNAPmax_glyAA
77,0.385,2.4880000000000018,RNAPmax_glyAA
78,0.39,2.4960000000000018,RNAPmax_glyAA
79,0.395,2.504000000000002,RNAPmax_glyAA
80,0.4,2.512000000000002,RNAPmax_glyAA
81,0.405,2.514000000000002,RNAPmax_glyAA
82,0.41000000000000003,2.508000000000002,RNAPmax_glyAA
83,0.41500000000000004,2.503000000000002,RNAPmax_glyAA
84,0.42000000000000004,2.4970000000000017,RNAPmax_glyAA
85,0.425,2.491000000000002,RNAPmax_glyAA
86,0.43,2.4850000000000017,RNAPmax_glyAA
87,0.435,2.479000000000002,RNAPmax_glyAA
88,0.44,2.4730000000000016,RNAPmax_glyAA
89,0.445,2.467000000000002,RNAPmax_glyAA
90,0.45,2.4620000000000015,RNAPmax_glyAA
91,0.455,2.4560000000000017,RNAPmax_glyAA
92,0.46,2.450000000000002,RNAPmax_glyAA
93,0.465,2.4440000000000017,RNAPmax_glyAA
94,0.47000000000000003,2.439000000000002,RNAPmax_glyAA
95,0.47500000000000003,2.4330000000000016,RNAPmax_glyAA
96,0.48000000000000004,2.427000000000002,RNAPmax_glyAA
97,0.485,2.4210000000000016,RNAPmax_glyAA
98,0.49,2.4160000000000017,RNAPmax_glyAA
99,0.495,2.410000000000002,RNAPmax_glyAA
100,0.5,2.4040000000000017,RNAPmax_glyAA
101,0.505,2.3980000000000015,RNAPmax_glyAA
102,0.51,2.3930000000000016,RNAPmax_glyAA
103,0.515,2.387000000000002,RNAPmax_glyAA
104,0.52,2.3810000000000016,RNAPmax_glyAA
105,0.525,2.3760000000000017,RNAPmax_glyAA
106,0.53,2.370000000000002,RNAPmax_glyAA
107,0.535,2.3650000000000015,RNAPmax_glyAA
108,0.54,2.3590000000000018,RNAPmax_glyAA
109,0.545,2.3530000000000015,RNAPmax_glyAA
110,0.55,2.3480000000000016,RNAPmax_glyAA
111,0.555,2.3420000000000014,RNAPmax_glyAA
112,0.56,2.3370000000000015,RNAPmax_glyAA
113,0.5650000000000001,2.3310000000000017,RNAPmax_glyAA
114,0.5700000000000001,2.3260000000000014,RNAPmax_glyAA
115,0.5750000000000001,2.3200000000000016,RNAPmax_glyAA
116,0.5800000000000001,2.3150000000000017,RNAPmax_glyAA
117,0.585,2.3090000000000015,RNAPmax_glyAA
118,0.59,2.3040000000000016,RNAPmax_glyAA
119,0.595,2.298000000000002,RNAPmax_glyAA
120,0.6,2.2930000000000015,RNAPmax_glyAA
121,0.605,2.2870000000000017,RNAPmax_glyAA
122,0.61,2.282000000000002,RNAPmax_glyAA
123,0.615,2.2760000000000016,RNAPmax_glyAA
124,0.62,2.2710000000000017,RNAPmax_glyAA
125,0.625,2.2650000000000015,RNAPmax_glyAA
126,0.63,2.2600000000000016,RNAPmax_glyAA
127,0.635,2.2550000000000017,RNAPmax_glyAA
128,0.64,2.2490000000000014,RNAPmax_glyAA
129,0.645,2.2440000000000015,RNAPmax_glyAA
130,0.65,2.2390000000000017,RNAPmax_glyAA
131,0.655,2.2330000000000014,RNAPmax_glyAA
132,0.66,2.2280000000000015,RNAPmax_glyAA
133,0.665,2.2230000000000016,RNAPmax_glyAA
134,0.67,2.2170000000000014,RNAPmax_glyAA
135,0.675,2.2120000000000015,RNAPmax_glyAA
136,0.68,2.2070000000000016,RNAPmax_glyAA
137,0.685,2.2020000000000017,RNAPmax_glyAA
138,0.6900000000000001,2.1960000000000015,RNAPmax_glyAA
139,0.6950000000000001,2.1910000000000016,RNAPmax_glyAA
140,0.7000000000000001,2.1860000000000017,RNAPmax_glyAA
141,0.7050000000000001,2.1810000000000014,RNAPmax_glyAA
142,0.71,2.1750000000000016,RNAPmax_glyAA
143,0.715,2.1700000000000017,RNAPmax_glyAA
144,0.72,2.1650000000000014,RNAPmax_glyAA
145,0.725,2.1600000000000015,RNAPmax_glyAA
146,0.73,2.1550000000000016,RNAPmax_glyAA
147,0.735,2.1500000000000012,RNAPmax_glyAA
148,0.74,2.1450000000000014,RNAPmax_glyAA
149,0.745,2.1400000000000015,RNAPmax_glyAA
150,0.75,2.1340000000000012,RNAPmax_glyAA
151,0.755,2.1290000000000013,RNAPmax_glyAA
152,0.76,2.1240000000000014,RNAPmax_glyAA
153,0.765,2.1190000000000015,RNAPmax_glyAA
154,0.77,2.1140000000000017,RNAPmax_glyAA
155,0.775,2.1090000000000013,RNAPmax_glyAA
156,0.78,2.1040000000000014,RNAPmax_glyAA
157,0.785,2.0990000000000015,RNAPmax_glyAA
158,0.79,2.094000000000001,RNAPmax_glyAA
159,0.795,2.0890000000000013,RNAPmax_glyAA
160,0.8,2.0840000000000014,RNAPmax_glyAA
161,0.805,2.0790000000000015,RNAPmax_glyAA
162,0.81,2.0750000000000015,RNAPmax_glyAA
163,0.8150000000000001,2.070000000000001,RNAPmax_glyAA
164,0.8200000000000001,2.0650000000000013,RNAPmax_glyAA
165,0.8250000000000001,2.0600000000000014,RNAPmax_glyAA
166,0.8300000000000001,2.0550000000000015,RNAPmax_glyAA
167,0.8350000000000001,2.0500000000000016,RNAPmax_glyAA
168,0.84,2.0450000000000013,RNAPmax_glyAA
169,0.845,2.0400000000000014,RNAPmax_glyAA
170,0.85,2.0360000000000014,RNAPmax_glyAA
171,0.855,2.0310000000000015,RNAPmax_glyAA
172,0.86,2.0260000000000016,RNAPmax_glyAA
173,0.865,2.0210000000000012,RNAPmax_glyAA
174,0.87,2.0170000000000012,RNAPmax_glyAA
175,0.875,2.0120000000000013,RNAPmax_glyAA
176,0.88,2.0070000000000014,RNAPmax_glyAA
177,0.885,2.0020000000000016,RNAPmax_glyAA
178,0.89,1.9980000000000013,RNAPmax_glyAA
179,0.895,1.9930000000000012,RNAPmax_glyAA
180,0.9,1.9880000000000013,RNAPmax_glyAA
181,0.905,1.9840000000000013,RNAPmax_glyAA
182,0.91,1.9790000000000014,RNAPmax_glyAA
183,0.915,1.9740000000000013,RNAPmax_glyAA
184,0.92,1.9700000000000013,RNAPmax_glyAA
185,0.925,1.9650000000000012,RNAPmax_glyAA
186,0.93,1.9610000000000012,RNAPmax_glyAA
187,0.935,1.9560000000000013,RNAPmax_glyAA
188,0.9400000000000001,1.9510000000000014,RNAPmax_glyAA
189,0.9450000000000001,1.9470000000000014,RNAPmax_glyAA
190,0.9500000000000001,1.9420000000000013,RNAPmax_glyAA
191,0.9550000000000001,1.9380000000000013,RNAPmax_glyAA
192,0.9600000000000001,1.9330000000000012,RNAPmax_glyAA
193,0.965,1.9290000000000012,RNAPmax_glyAA
194,0.97,1.9240000000000013,RNAPmax_glyAA
195,0.975,1.9200000000000013,RNAPmax_glyAA
196,0.98,1.9150000000000014,RNAPmax_glyAA
197,0.985,1.9110000000000014,RNAPmax_glyAA
198,0.99,1.9060000000000012,RNAPmax_glyAA
199,0.995,1.9020000000000012,RNAPmax_glyAA
200,0.99999,1.8980000000000012,RNAPmax_glyAA
